scenario,tasks,seed,algorithm,fitness,convergence_iteration,runtime_s,evaluation_budget
1,13,202601,IPSO,0.2844825838955117,25,0.0646398999961093,416
1,13,202601,PSO,0.2875290333547053,25,0.0508484999882057,416
1,13,202601,GA,0.2615774221246005,19,0.0762056999374181,416
1,13,202601,ACO,0.2524815326852314,15,0.2281523999990895,416
1,13,202601,DE,0.2720306004732389,16,0.1462935999734327,416
1,13,202602,IPSO,0.2605874858611514,25,0.0980028000194579,416
1,13,202602,PSO,0.2553252575046302,25,0.110043300082907,416
1,13,202602,GA,0.2774680973891256,21,0.1280543999746441,416
1,13,202602,ACO,0.2663938186781595,17,0.3117007999680936,416
1,13,202602,DE,0.2751375941753721,25,0.1245687000919133,416
1,13,202603,IPSO,0.2655845630882141,11,0.0987692999187856,416
1,13,202603,PSO,0.2795269921717894,25,0.1302875999826938,416
1,13,202603,GA,0.2846114257076734,25,0.1159291999647393,416
1,13,202603,ACO,0.2697918254989302,19,0.3162750999908894,416
1,13,202603,DE,0.2690931458306632,25,0.1164799999678507,416
1,13,202604,IPSO,0.2640864905707821,17,0.1077993999933824,416
1,13,202604,PSO,0.2560833682193306,25,0.098161100060679,416
1,13,202604,GA,0.2689042331312317,25,0.1024844999192282,416
1,13,202604,ACO,0.2684652577560424,12,0.2895583000499755,416
1,13,202604,DE,0.2841756490306804,12,0.1359759999904781,416
1,13,202605,IPSO,0.2723781833426769,18,0.1001781999366357,416
1,13,202605,PSO,0.2764029401822299,16,0.0533907000208273,416
1,13,202605,GA,0.2660020765365907,25,0.0731724000070244,416
1,13,202605,ACO,0.2695977111544222,12,0.1357161999912932,416
1,13,202605,DE,0.275395013099325,14,0.1186244999989867,416
1,13,202606,IPSO,0.2649124043035706,25,0.0730633999919518,416
1,13,202606,PSO,0.2647048163962223,23,0.0717425999464467,416
1,13,202606,GA,0.2753614928328614,23,0.1052324000047519,416
1,13,202606,ACO,0.2667801450427001,25,0.3208981999196112,416
1,13,202606,DE,0.2723649289245594,20,0.0740988999605178,416
1,13,202607,IPSO,0.2729450186938139,18,0.0699110000859946,416
1,13,202607,PSO,0.2622050584753649,16,0.0721405999502167,416
1,13,202607,GA,0.2593817214540495,20,0.0768589999061077,416
1,13,202607,ACO,0.2825125449784653,16,0.1480651999590918,416
1,13,202607,DE,0.2595557847911945,25,0.0645272999536246,416
1,13,202608,IPSO,0.2698151172957223,12,0.0775335000362247,416
1,13,202608,PSO,0.2857294093403998,25,0.0693314000964164,416
1,13,202608,GA,0.2489232231411335,25,0.0766346000600606,416
1,13,202608,ACO,0.277734935013565,15,0.141686400049366,416
1,13,202608,DE,0.2674289989199968,11,0.0916200000792741,416
1,13,202609,IPSO,0.2559805138281698,25,0.0516437999904155,416
1,13,202609,PSO,0.2687084137919512,18,0.0507377000758424,416
1,13,202609,GA,0.2706459911627654,16,0.0563165000639855,416
1,13,202609,ACO,0.2642477773011815,25,0.1515827000839635,416
1,13,202609,DE,0.2898909454836164,19,0.1114734000293538,416
1,13,202610,IPSO,0.2673511857181813,18,0.0646884000161662,416
1,13,202610,PSO,0.2721772626136617,24,0.0489591000368818,416
1,13,202610,GA,0.2863071900378663,18,0.0680445999605581,416
1,13,202610,ACO,0.2686708113627937,23,0.1531864000717178,416
1,13,202610,DE,0.2840717375877646,25,0.0620513000758364,416
1,13,202611,IPSO,0.2624325127847654,25,0.0518189000431448,416
1,13,202611,PSO,0.27857120911055,14,0.0724362999899312,416
1,13,202611,GA,0.2509789881682686,25,0.0569599999580532,416
1,13,202611,ACO,0.2743077519352812,12,0.1523045999929309,416
1,13,202611,DE,0.2910060743173671,22,0.0923952999291941,416
1,13,202612,IPSO,0.2721019806363395,25,0.0515663999831303,416
1,13,202612,PSO,0.2812856474816746,13,0.0620068000862374,416
1,13,202612,GA,0.2631962560161598,24,0.0862258999841287,416
1,13,202612,ACO,0.2563185974480132,19,0.1603169000009074,416
1,13,202612,DE,0.2694974986067528,23,0.0923854999709874,416
1,13,202613,IPSO,0.2669303661219037,22,0.0683920999290421,416
1,13,202613,PSO,0.2589800093443598,25,0.0574099000077694,416
1,13,202613,GA,0.2580165031783281,25,0.0839738000649958,416
1,13,202613,ACO,0.2697219233447592,22,0.1653369999257847,416
1,13,202613,DE,0.2714858503647478,21,0.0632818999001756,416
1,13,202614,IPSO,0.3045997416394562,16,0.0637896999251097,416
1,13,202614,PSO,0.2776511306117254,16,0.048432599985972,416
1,13,202614,GA,0.272209684091356,25,0.0552894999273121,416
1,13,202614,ACO,0.2823053159983331,15,0.1541668999707326,416
1,13,202614,DE,0.2885504370274545,24,0.0876562999328598,416
1,13,202615,IPSO,0.2522983156366677,25,0.0615413999184966,416
1,13,202615,PSO,0.2794031392554803,16,0.0713227000087499,416
1,13,202615,GA,0.2732713728808134,20,0.1220476999878883,416
1,13,202615,ACO,0.2890959258662278,17,0.142509700031951,416
1,13,202615,DE,0.273497788888577,25,0.0630268000531941,416
1,13,202616,IPSO,0.273434243699722,18,0.0559951000614091,416
1,13,202616,PSO,0.2606517258969199,25,0.0500640000682324,416
1,13,202616,GA,0.2766047400003907,25,0.0716374999610707,416
1,13,202616,ACO,0.2397228060625331,18,0.1675072000361979,416
1,13,202616,DE,0.2667260255799222,25,0.0903344999533146,416
1,13,202617,IPSO,0.2623592924334936,24,0.0811731000430882,416
1,13,202617,PSO,0.2855517601261803,25,0.0556622000876814,416
1,13,202617,GA,0.2568610356955454,25,0.0663536000065505,416
1,13,202617,ACO,0.2619901541547931,18,0.1546008000150323,416
1,13,202617,DE,0.2895392863969619,20,0.06945050007198,416
1,13,202618,IPSO,0.2614009022469679,25,0.0535496000666171,416
1,13,202618,PSO,0.2737234169018541,25,0.0667375000193715,416
1,13,202618,GA,0.2572866158117077,18,0.0648975999793037,416
1,13,202618,ACO,0.2625190350370583,14,0.1691927999490872,416
1,13,202618,DE,0.2597247881076351,18,0.088857700000517,416
1,13,202619,IPSO,0.2623437007201951,20,0.0695251000579446,416
1,13,202619,PSO,0.2586428251677498,25,0.0487531999824568,416
1,13,202619,GA,0.2666909363695839,25,0.1196214000228792,416
1,13,202619,ACO,0.2755696728717025,18,0.1610297999577596,416
1,13,202619,DE,0.2828160425498896,12,0.1888629000168293,416
1,13,202620,IPSO,0.2448138257093288,25,0.1128815999254584,416
1,13,202620,PSO,0.2656345989281208,24,0.1692197999218478,416
1,13,202620,GA,0.2748585671021918,22,0.1798064999748021,416
1,13,202620,ACO,0.2553813502806918,17,0.2664292999543249,416
1,13,202620,DE,0.2640548421338153,25,0.1291869999840855,416
1,13,202621,IPSO,0.2639824354990505,25,0.1032612000126391,416
1,13,202621,PSO,0.2603790669843459,20,0.1079686000011861,416
1,13,202621,GA,0.2752534190100994,20,0.1110102999955415,416
1,13,202621,ACO,0.2831784030038626,14,0.2801761999726295,416
1,13,202621,DE,0.2781381129740575,25,0.1224742999766022,416
1,13,202622,IPSO,0.2650119535229024,25,0.0927631999365985,416
1,13,202622,PSO,0.2688691145715802,25,0.1022299999604001,416
1,13,202622,GA,0.2659898204363251,17,0.1133431000635027,416
1,13,202622,ACO,0.2488331238539819,13,0.2617343999445438,416
1,13,202622,DE,0.2769124030095002,25,0.124047499964945,416
1,13,202623,IPSO,0.279776865425747,21,0.1068656999850645,416
1,13,202623,PSO,0.2781318483209122,11,0.1090442000422626,416
1,13,202623,GA,0.2669473461751848,16,0.1238081000046804,416
1,13,202623,ACO,0.2566986675194302,19,0.1726518000941723,416
1,13,202623,DE,0.2770537052667264,17,0.0889664000133052,416
1,13,202624,IPSO,0.2634902074835678,21,0.0613950000843033,416
1,13,202624,PSO,0.2828360397424704,17,0.0565490999724715,416
1,13,202624,GA,0.2648306014481741,25,0.0676289000548422,416
1,13,202624,ACO,0.2744769218361018,16,0.1585910000139847,416
1,13,202624,DE,0.2687456501894213,15,0.0850240000290796,416
1,13,202625,IPSO,0.268113768630807,16,0.0667450999608263,416
1,13,202625,PSO,0.2698061919886067,25,0.0701383999548852,416
1,13,202625,GA,0.277187146957232,25,0.1079175999620929,416
1,13,202625,ACO,0.2639483822085954,16,0.1826893999241292,416
1,13,202625,DE,0.2878382348523842,25,0.0855498999590054,416
1,13,202626,IPSO,0.2531869122537465,22,0.0548762999242171,416
1,13,202626,PSO,0.2702192904439502,19,0.0852862999308854,416
1,13,202626,GA,0.2730020929197315,21,0.0617114000488072,416
1,13,202626,ACO,0.2705812850529968,13,0.1713835999835282,416
1,13,202626,DE,0.2857815292527428,21,0.0859226000029593,416
1,13,202627,IPSO,0.2718122894004257,25,0.0837184999836608,416
1,13,202627,PSO,0.265422264935264,17,0.1002912999829277,416
1,13,202627,GA,0.2620771911078914,25,0.1085517000174149,416
1,13,202627,ACO,0.2756652887740649,10,0.2220309000695124,416
1,13,202627,DE,0.2882682833996928,13,0.1099121000152081,416
1,13,202628,IPSO,0.2711761445779825,25,0.0885727000422775,416
1,13,202628,PSO,0.287421073564528,20,0.0897498000413179,416
1,13,202628,GA,0.2634822767576528,25,0.0929114000173285,416
1,13,202628,ACO,0.2867371703069762,17,0.2211475999793037,416
1,13,202628,DE,0.2950424234174701,25,0.1106566000962629,416
1,13,202629,IPSO,0.2610412290464613,25,0.0808094999520108,416
1,13,202629,PSO,0.2541556911580972,25,0.0895467000082135,416
1,13,202629,GA,0.2595512381688203,25,0.1146096000447869,416
1,13,202629,ACO,0.2549691191460302,15,0.2170539000071585,416
1,13,202629,DE,0.2889091312340472,11,0.1369013000512495,416
1,13,202630,IPSO,0.2877474761187417,25,0.0718593000201508,416
1,13,202630,PSO,0.2761510012384309,16,0.0992893999209627,416
1,13,202630,GA,0.2693716377135942,12,0.0865288999630138,416
1,13,202630,ACO,0.2771670245360115,13,0.2138873999938368,416
1,13,202630,DE,0.2884262668331907,15,0.0731101999990642,416
2,15,202601,IPSO,0.3021126238217165,20,0.0710518000414595,416
2,15,202601,PSO,0.266731147695761,25,0.0690195000497624,416
2,15,202601,GA,0.2904677560186898,25,0.0822269999189302,416
2,15,202601,ACO,0.2959998650707232,16,0.1735951999435201,416
2,15,202601,DE,0.3084636622164526,25,0.0830032000085339,416
2,15,202602,IPSO,0.2933103835969458,25,0.054114899947308,416
2,15,202602,PSO,0.2909987270631801,25,0.0605924000265076,416
2,15,202602,GA,0.2799558892206957,24,0.0713206999935209,416
2,15,202602,ACO,0.2714508594050027,22,0.2016296000219881,416
2,15,202602,DE,0.3049201369619299,25,0.0821145999943837,416
2,15,202603,IPSO,0.2918557508572719,13,0.0678126000566408,416
2,15,202603,PSO,0.2855390738884942,25,0.0621096000541001,416
2,15,202603,GA,0.2863106582277758,25,0.0599524000426754,416
2,15,202603,ACO,0.28249717033675,13,0.1798606000375002,416
2,15,202603,DE,0.3057463779647884,12,0.0733276999089866,416
2,15,202604,IPSO,0.2746293260282824,24,0.0551549999509006,416
2,15,202604,PSO,0.2922868102223125,25,0.0543847999069839,416
2,15,202604,GA,0.2790066880556111,25,0.0613964999793097,416
2,15,202604,ACO,0.2855754007381923,20,0.1625533000333234,416
2,15,202604,DE,0.2989261761672117,17,0.0774618999566882,416
2,15,202605,IPSO,0.2939995953332139,11,0.0814135000109672,416
2,15,202605,PSO,0.2830645539324668,16,0.063807199941948,416
2,15,202605,GA,0.2825605429099639,22,0.077808600035496,416
2,15,202605,ACO,0.2897352375915032,17,0.1728946000803262,416
2,15,202605,DE,0.3038178108805624,22,0.0731141000287607,416
2,15,202606,IPSO,0.2799667381651683,11,0.0629013999132439,416
2,15,202606,PSO,0.2928508640657543,24,0.0659534999867901,416
2,15,202606,GA,0.2848409525422843,25,0.0626233000075444,416
2,15,202606,ACO,0.2942259720658937,25,0.1956703999312594,416
2,15,202606,DE,0.3113364694163439,13,0.0746141000417992,416
2,15,202607,IPSO,0.3121157351578645,11,0.0523167999926954,416
2,15,202607,PSO,0.2839017158180122,25,0.0773075999459251,416
2,15,202607,GA,0.2995847233529865,20,0.0693605999695137,416
2,15,202607,ACO,0.2976027030306529,13,0.1840757000027224,416
2,15,202607,DE,0.2932628972359104,25,0.0814062000717967,416
2,15,202608,IPSO,0.3035102120204589,25,0.1150432999711483,416
2,15,202608,PSO,0.2844548864791973,25,0.1382328000618145,416
2,15,202608,GA,0.2915408382559183,19,0.0842367999721318,416
2,15,202608,ACO,0.2926115900843124,18,0.1863429000368341,416
2,15,202608,DE,0.2961031573438716,23,0.0845591999823227,416
2,15,202609,IPSO,0.2868546296443581,25,0.0654988000169396,416
2,15,202609,PSO,0.2973781362741243,25,0.1036959000630304,416
2,15,202609,GA,0.2915251220473355,25,0.1491379999788478,416
2,15,202609,ACO,0.291203985563925,17,0.2497342999558895,416
2,15,202609,DE,0.3047810721090254,19,0.1139758001081645,416
2,15,202610,IPSO,0.2903235752637423,25,0.106440500007011,416
2,15,202610,PSO,0.3030558306077247,25,0.0661766999401152,416
2,15,202610,GA,0.3014566797216805,24,0.100794699974358,416
2,15,202610,ACO,0.2853273727526534,17,0.2154875999549403,416
2,15,202610,DE,0.3106335633090021,13,0.1134141000220552,416
2,15,202611,IPSO,0.2870306559528632,15,0.0656814000103622,416
2,15,202611,PSO,0.279104331943571,16,0.053353999974206,416
2,15,202611,GA,0.2900729650549229,25,0.1048765999730676,416
2,15,202611,ACO,0.2788358663750869,16,0.2186436000047251,416
2,15,202611,DE,0.3115578308441692,16,0.1208137999055907,416
2,15,202612,IPSO,0.2911039208375779,25,0.1074396999320015,416
2,15,202612,PSO,0.2944027386814222,25,0.1043940000236034,416
2,15,202612,GA,0.3036210834448615,23,0.1261479000095278,416
2,15,202612,ACO,0.2822312987567716,18,0.3230883999494836,416
2,15,202612,DE,0.3004808294449695,25,0.1216567000374198,416
2,15,202613,IPSO,0.2868546296443581,25,0.1021461000200361,416
2,15,202613,PSO,0.2736416774332451,25,0.0997677999548614,416
2,15,202613,GA,0.2933344158579529,22,0.1152807000325992,416
2,15,202613,ACO,0.2945772922864644,13,0.3022645999444648,416
2,15,202613,DE,0.30529316821824,22,0.1318437999580055,416
2,15,202614,IPSO,0.292860209494403,25,0.1049144999124109,416
2,15,202614,PSO,0.2931677885133107,25,0.1105432000476867,416
2,15,202614,GA,0.2924007687567267,13,0.1188938999548554,416
2,15,202614,ACO,0.2852709919694595,13,0.2763161999173462,416
2,15,202614,DE,0.3053425790255339,12,0.1402110999915748,416
2,15,202615,IPSO,0.2933611061053345,23,0.1121027999324724,416
2,15,202615,PSO,0.2984114698032594,25,0.1067324000177905,416
2,15,202615,GA,0.2957254175557543,24,0.1116999000078067,416
2,15,202615,ACO,0.2869740974992054,17,0.2915569999022409,416
2,15,202615,DE,0.2995628518933055,25,0.1245561999967321,416
2,15,202616,IPSO,0.3078693262782965,25,0.1190566000295803,416
2,15,202616,PSO,0.3256208431748152,25,0.0939177999971434,416
2,15,202616,GA,0.2778083590759245,21,0.1171319000422954,416
2,15,202616,ACO,0.2895650121764183,12,0.3641837000614032,416
2,15,202616,DE,0.311326870070828,25,0.1484240000136196,416
2,15,202617,IPSO,0.2873405244317006,11,0.1245228999760001,416
2,15,202617,PSO,0.2811637915654069,19,0.1733697999734431,416
2,15,202617,GA,0.292147725847216,25,0.1457317000022158,416
2,15,202617,ACO,0.2981847494425095,18,0.2955368999391794,416
2,15,202617,DE,0.2862322497869983,17,0.1371330999536439,416
2,15,202618,IPSO,0.3097606168179597,25,0.1549590000649914,416
2,15,202618,PSO,0.290488207904243,25,0.0900746999541297,416
2,15,202618,GA,0.2813066328791737,24,0.119867300032638,416
2,15,202618,ACO,0.2952435775872273,11,0.3476023999974131,416
2,15,202618,DE,0.2728818164711846,20,0.1248784000054001,416
2,15,202619,IPSO,0.2999819279808975,12,0.1978555000387132,416
2,15,202619,PSO,0.2766278759000283,25,0.1460595999378711,416
2,15,202619,GA,0.2822055217505783,25,0.12867219990585,416
2,15,202619,ACO,0.2880454240815784,19,0.3492783999536186,416
2,15,202619,DE,0.3180476222895135,25,0.1101909999269992,416
2,15,202620,IPSO,0.2821934635682481,14,0.0985339999897405,416
2,15,202620,PSO,0.2988762809866268,25,0.1209225000347942,416
2,15,202620,GA,0.2836316044063032,25,0.1707611000165343,416
2,15,202620,ACO,0.278736814215817,16,0.3966273999540135,416
2,15,202620,DE,0.3052186516296752,25,0.1687351999571547,416
2,15,202621,IPSO,0.2939995953332139,25,0.112351999967359,416
2,15,202621,PSO,0.2760934675976299,25,0.1088512999704107,416
2,15,202621,GA,0.2838179247174813,22,0.1197877000086009,416
2,15,202621,ACO,0.2808568212804899,20,0.3090139999985695,416
2,15,202621,DE,0.2993687243035818,25,0.1569787999615073,416
2,15,202622,IPSO,0.2806513224721045,25,0.1335906999884173,416
2,15,202622,PSO,0.3011547929665025,24,0.1369009000482037,416
2,15,202622,GA,0.2996872396243651,23,0.2257035999791696,416
2,15,202622,ACO,0.3083817627576823,13,0.3482134999940172,416
2,15,202622,DE,0.3058116112179416,25,0.1717963999835774,416
2,15,202623,IPSO,0.2778562886732229,25,0.1760788999963551,416
2,15,202623,PSO,0.2883699622286865,25,0.1500687999650836,416
2,15,202623,GA,0.2849710562144749,19,0.1206456000218167,416
2,15,202623,ACO,0.2707229477073412,14,0.2942138999933377,416
2,15,202623,DE,0.2911785144507866,25,0.1368638999992981,416
2,15,202624,IPSO,0.2668936583295527,25,0.1113000999903306,416
2,15,202624,PSO,0.2885959609710927,19,0.112216200097464,416
2,15,202624,GA,0.2858124092276227,25,0.1162869000108912,416
2,15,202624,ACO,0.277156983701792,17,0.2751107999356463,416
2,15,202624,DE,0.3001939124710476,25,0.130449500051327,416
2,15,202625,IPSO,0.3030110464228316,24,0.111582399928011,416
2,15,202625,PSO,0.2816450699150906,23,0.1013880000682547,416
2,15,202625,GA,0.2855663325672692,25,0.1168245999142527,416
2,15,202625,ACO,0.2982452995380144,17,0.2854329000692814,416
2,15,202625,DE,0.3102745280607584,15,0.1214299999410286,416
2,15,202626,IPSO,0.2883284033305682,25,0.1093127999920398,416
2,15,202626,PSO,0.2747915098861763,16,0.1061791999964043,416
2,15,202626,GA,0.2740398689209585,19,0.1244247000431642,416
2,15,202626,ACO,0.2722482658729164,18,0.3294549999991432,416
2,15,202626,DE,0.291959088518174,15,0.1449720000382512,416
2,15,202627,IPSO,0.2771511267290224,14,0.1176282999804243,416
2,15,202627,PSO,0.2954812043833909,25,0.11401040002238,416
2,15,202627,GA,0.3080296890010265,12,0.1301139000570401,416
2,15,202627,ACO,0.2872545375367497,20,0.3337496999884024,416
2,15,202627,DE,0.305635527265623,25,0.1243439000099897,416
2,15,202628,IPSO,0.2960684503289154,22,0.1172345000086352,416
2,15,202628,PSO,0.2685260998512692,25,0.1135658000130206,416
2,15,202628,GA,0.2698832443102308,16,0.1297189000761136,416
2,15,202628,ACO,0.2829219157114325,23,0.3374111999291926,416
2,15,202628,DE,0.3021341178993431,17,0.1425551000284031,416
2,15,202629,IPSO,0.3088962903650309,16,0.1190102000255137,416
2,15,202629,PSO,0.2775157017710357,25,0.1167217000620439,416
2,15,202629,GA,0.2912627002225466,23,0.1302498000441119,416
2,15,202629,ACO,0.2965122494370171,17,0.3162393999518826,416
2,15,202629,DE,0.2811768086633734,25,0.1357106000650674,416
2,15,202630,IPSO,0.2926407238644073,25,0.112823799951002,416
2,15,202630,PSO,0.3180227313260275,22,0.084372500074096,416
2,15,202630,GA,0.2840456677955613,25,0.1078018998960033,416
2,15,202630,ACO,0.2881023962949749,20,0.2692207000218332,416
2,15,202630,DE,0.3116055059197265,24,0.1189645000267773,416
3,16,202601,IPSO,0.2894688229666688,25,0.101051100064069,416
3,16,202601,PSO,0.3170207623848153,14,0.128956799977459,416
3,16,202601,GA,0.2914480851601682,15,0.1014277000213041,416
3,16,202601,ACO,0.2810553425869081,16,0.2751797999953851,416
3,16,202601,DE,0.2847742043195059,25,0.1094371000071987,416
3,16,202602,IPSO,0.2761008192671131,19,0.1212429000297561,416
3,16,202602,PSO,0.2940169134887085,25,0.0676480999682098,416
3,16,202602,GA,0.2744766654222037,25,0.1468545999377966,416
3,16,202602,ACO,0.2804861874779624,12,0.3014472000068053,416
3,16,202602,DE,0.2907469103007367,25,0.1311852999497205,416
3,16,202603,IPSO,0.2883103439908721,25,0.1136712000006809,416
3,16,202603,PSO,0.2821913739496142,17,0.0902238000417128,416
3,16,202603,GA,0.26863553067389,25,0.1307528000324964,416
3,16,202603,ACO,0.2781011988269214,19,0.3251504999352619,416
3,16,202603,DE,0.2966032989583174,25,0.1317083000903949,416
3,16,202604,IPSO,0.2636558404938703,25,0.1113138999789953,416
3,16,202604,PSO,0.2674323118570357,22,0.1092670999933034,416
3,16,202604,GA,0.2731563301718119,25,0.1326619999017566,416
3,16,202604,ACO,0.2829254498975054,16,0.3133358000777662,416
3,16,202604,DE,0.316743925355695,17,0.121653699898161,416
3,16,202605,IPSO,0.2903268060306834,25,0.1086907999124378,416
3,16,202605,PSO,0.2831892975961214,21,0.0997170999180525,416
3,16,202605,GA,0.2723479299518996,25,0.1172370000276714,416
3,16,202605,ACO,0.2934551639061174,25,0.3198474999517202,416
3,16,202605,DE,0.3234275910346195,23,0.1420912999892607,416
3,16,202606,IPSO,0.2910697867612384,25,0.1097943999338895,416
3,16,202606,PSO,0.3022866423248417,25,0.100331800058484,416
3,16,202606,GA,0.2747313774153984,25,0.1295339999487623,416
3,16,202606,ACO,0.2645045528290068,23,0.3120471999282017,416
3,16,202606,DE,0.2787189167484688,25,0.1411126999882981,416
3,16,202607,IPSO,0.2772007128559121,25,0.1133410000475123,416
3,16,202607,PSO,0.2941498943324493,25,0.108675199910067,416
3,16,202607,GA,0.2938085587533048,18,0.1268136999569833,416
3,16,202607,ACO,0.2747674587161845,19,0.3258220000425353,416
3,16,202607,DE,0.2823192268913699,24,0.1420781000051647,416
3,16,202608,IPSO,0.285252994472172,25,0.120562499971129,416
3,16,202608,PSO,0.279130036299854,25,0.1126278999727219,416
3,16,202608,GA,0.2749678537374566,25,0.1263893999857828,416
3,16,202608,ACO,0.2761122770805236,19,0.3317791000008583,416
3,16,202608,DE,0.2828796062562576,24,0.1358619999373331,416
3,16,202609,IPSO,0.2877739380138598,20,0.1194553000386804,416
3,16,202609,PSO,0.2899012880604481,25,0.117456900072284,416
3,16,202609,GA,0.2779410055783107,25,0.1254438000032678,416
3,16,202609,ACO,0.2876571330364135,25,0.3355150000425055,416
3,16,202609,DE,0.2868579043724089,12,0.141490799956955,416
3,16,202610,IPSO,0.2927400981808387,12,0.1144834000151604,416
3,16,202610,PSO,0.3202219930135819,17,0.1148093999363482,416
3,16,202610,GA,0.2728978462374554,25,0.1262481000740081,416
3,16,202610,ACO,0.2823426493559638,20,0.3239588999422267,416
3,16,202610,DE,0.3121999819114747,25,0.1358224999858066,416
3,16,202611,IPSO,0.2931761784198684,19,0.1086572000058367,416
3,16,202611,PSO,0.300067881076952,25,0.1137239000527188,416
3,16,202611,GA,0.2672593344273956,18,0.1316928999731317,416
3,16,202611,ACO,0.2774695935424646,23,0.340515400050208,416
3,16,202611,DE,0.2843091928616672,16,0.1403348000021651,416
3,16,202612,IPSO,0.2925664895551244,20,0.1087685000384226,416
3,16,202612,PSO,0.265906716837311,25,0.1068842000095173,416
3,16,202612,GA,0.2792730882487559,25,0.1339769000187516,416
3,16,202612,ACO,0.2753683757553194,17,0.3260438999859616,416
3,16,202612,DE,0.319471839174564,20,0.135440899990499,416
3,16,202613,IPSO,0.2922267963568695,15,0.1166711000259965,416
3,16,202613,PSO,0.3063279191042026,25,0.1092371999984607,416
3,16,202613,GA,0.288197827672395,25,0.1202700999565422,416
3,16,202613,ACO,0.2753040878823479,25,0.3261623000726104,416
3,16,202613,DE,0.2949901495588105,22,0.1313683999469503,416
3,16,202614,IPSO,0.2923230126501586,25,0.0937482999870553,416
3,16,202614,PSO,0.261248006000771,25,0.1140372999943792,416
3,16,202614,GA,0.2804715536194977,25,0.1140268000308424,416
3,16,202614,ACO,0.2837732661772584,14,0.3318689999869093,416
3,16,202614,DE,0.3024849008761084,20,0.1359441999811679,416
3,16,202615,IPSO,0.2861834309856012,17,0.1194079000269994,416
3,16,202615,PSO,0.2912719491575663,25,0.109306399943307,416
3,16,202615,GA,0.2643604397077682,25,0.1284621000522747,416
3,16,202615,ACO,0.2626750596242987,19,0.312169500044547,416
3,16,202615,DE,0.2919544911065621,11,0.1272277999669313,416
3,16,202616,IPSO,0.2734922505841514,25,0.0905780000612139,416
3,16,202616,PSO,0.2974702678307312,25,0.0993688999442383,416
3,16,202616,GA,0.2774358716880318,25,0.1288173999637365,416
3,16,202616,ACO,0.2542917934405193,12,0.3337065000087023,416
3,16,202616,DE,0.3052989689595298,15,0.1342244999250397,416
3,16,202617,IPSO,0.2923729330080725,17,0.1163701999466866,416
3,16,202617,PSO,0.2711547637005956,25,0.1144570000469684,416
3,16,202617,GA,0.265022221256653,21,0.1208588000154122,416
3,16,202617,ACO,0.2762198344810015,18,0.3392880000174045,416
3,16,202617,DE,0.3012613755738396,25,0.1801189999096095,416
3,16,202618,IPSO,0.2912153845444116,14,0.125112000037916,416
3,16,202618,PSO,0.2787037557317878,25,0.111400399939157,416
3,16,202618,GA,0.2748154900399253,25,0.1123224999755621,416
3,16,202618,ACO,0.2810938158824034,19,0.3447484000353142,416
3,16,202618,DE,0.3049677727450524,25,0.1234579000156372,416
3,16,202619,IPSO,0.2910606984347804,25,0.1157389000291004,416
3,16,202619,PSO,0.2971557106565475,25,0.0834661000408232,416
3,16,202619,GA,0.2774037608021001,25,0.1562247000401839,416
3,16,202619,ACO,0.2863832487799326,25,0.3035747000249102,416
3,16,202619,DE,0.2822770946569397,21,0.1208690999774262,416
3,16,202620,IPSO,0.261920720419747,25,0.102293899981305,416
3,16,202620,PSO,0.2904989797318867,25,0.0942282000323757,416
3,16,202620,GA,0.2813125842702438,25,0.1429766999790445,416
3,16,202620,ACO,0.2775509496149298,19,0.3198716000188142,416
3,16,202620,DE,0.3014518685624744,24,0.1468342000152915,416
3,16,202621,IPSO,0.2803972889915473,25,0.1134469000389799,416
3,16,202621,PSO,0.2727434325041256,17,0.1132724999915808,416
3,16,202621,GA,0.2744718759884925,18,0.1275012999540195,416
3,16,202621,ACO,0.2754061012866502,24,0.3255662999581545,416
3,16,202621,DE,0.2958371984337871,25,0.1363929000217467,416
3,16,202622,IPSO,0.3079557018813879,12,0.1192995000164955,416
3,16,202622,PSO,0.287641584352988,22,0.1163966000312939,416
3,16,202622,GA,0.2760002226122815,25,0.1305616999743506,416
3,16,202622,ACO,0.2669189775960843,19,0.3389348000055179,416
3,16,202622,DE,0.2942947454200204,25,0.1299105000216514,416
3,16,202623,IPSO,0.2904340284006891,24,0.1092346999794244,416
3,16,202623,PSO,0.289799952479517,19,0.1024030999979004,416
3,16,202623,GA,0.2898248432064631,20,0.1306211000774055,416
3,16,202623,ACO,0.2748760025515827,15,0.3245622001122683,416
3,16,202623,DE,0.2857819233589305,17,0.1380851999856531,416
3,16,202624,IPSO,0.302754473551342,25,0.1065836000489071,416
3,16,202624,PSO,0.3094174950975656,25,0.1174917999887839,416
3,16,202624,GA,0.2794098350673319,20,0.1302355000516399,416
3,16,202624,ACO,0.2678643440590339,18,0.3308505999157205,416
3,16,202624,DE,0.2899994864928631,25,0.1392321999883279,416
3,16,202625,IPSO,0.277317740941487,11,0.1072951999958604,416
3,16,202625,PSO,0.297153646549039,17,0.1149554000003263,416
3,16,202625,GA,0.2998009370773602,25,0.1266914999578148,416
3,16,202625,ACO,0.2767353433645321,19,0.303720899973996,416
3,16,202625,DE,0.2902103226804087,16,0.136400599963963,416
3,16,202626,IPSO,0.2947133695176903,21,0.118673599907197,416
3,16,202626,PSO,0.2759652096462154,22,0.1144993000198155,416
3,16,202626,GA,0.2753837845280786,25,0.1068256999133154,416
3,16,202626,ACO,0.2835269830474486,19,0.277090199990198,416
3,16,202626,DE,0.2937754012479225,25,0.1033307999605313,416
3,16,202627,IPSO,0.2844397334164329,14,0.0870012000668793,416
3,16,202627,PSO,0.2862434879797314,22,0.1201583000365644,416
3,16,202627,GA,0.2662190283506467,25,0.1184795999433845,416
3,16,202627,ACO,0.291124117615602,15,0.3322136000497266,416
3,16,202627,DE,0.2854543209185556,12,0.159993499983102,416
3,16,202628,IPSO,0.2905375438065283,19,0.1174128999700769,416
3,16,202628,PSO,0.3128755368391022,19,0.1168117999332025,416
3,16,202628,GA,0.2760310992263788,22,0.1341666999505832,416
3,16,202628,ACO,0.2790365962546602,17,0.343904500012286,416
3,16,202628,DE,0.3100976995822228,25,0.1446516000432893,416
3,16,202629,IPSO,0.2728564954945491,25,0.1423134000506252,416
3,16,202629,PSO,0.2987455994606967,23,0.0856103999540209,416
3,16,202629,GA,0.2783504926272105,25,0.1035718000493943,416
3,16,202629,ACO,0.2660177724964525,25,0.3251152000157162,416
3,16,202629,DE,0.2850582195098076,12,0.1091380000580102,416
3,16,202630,IPSO,0.2788223121471865,25,0.0913301999680697,416
3,16,202630,PSO,0.2874089198746214,25,0.0948603000724688,416
3,16,202630,GA,0.275664066390292,25,0.1294999999227002,416
3,16,202630,ACO,0.2628002978532782,20,0.3286391000729054,416
3,16,202630,DE,0.3218078135749184,16,0.1444550000596791,416
4,19,202601,IPSO,0.3370242736066349,12,0.1252558999694883,416
4,19,202601,PSO,0.3337517973929951,25,0.1222213000291958,416
4,19,202601,GA,0.3186229094847732,25,0.1172551999334245,416
4,19,202601,ACO,0.3557877852332524,25,0.3777447000611573,416
4,19,202601,DE,0.3661277284460859,25,0.1487881999928504,416
4,19,202602,IPSO,0.3370242736066349,25,0.1180765000171959,416
4,19,202602,PSO,0.3441132965991538,25,0.1070402000332251,416
4,19,202602,GA,0.3410347423739682,21,0.1472675000550225,416
4,19,202602,ACO,0.3415568651004411,25,0.424089299980551,416
4,19,202602,DE,0.342783849216059,25,0.1579861999489367,416
4,19,202603,IPSO,0.3330088069097552,24,0.1124930999940261,416
4,19,202603,PSO,0.3515313877173275,25,0.1095866999821737,416
4,19,202603,GA,0.3412937496633478,21,0.1654801999684423,416
4,19,202603,ACO,0.3580990636027072,23,0.3723838999867439,416
4,19,202603,DE,0.3681958698106924,12,0.1285998000530526,416
4,19,202604,IPSO,0.3394603259910753,20,0.1179579999297857,416
4,19,202604,PSO,0.3607401141525264,17,0.119511800003238,416
4,19,202604,GA,0.3611413851086573,22,0.1415042000589892,416
4,19,202604,ACO,0.35349386074247,18,0.3302578999428078,416
4,19,202604,DE,0.354190941072534,25,0.1295864999992773,416
4,19,202605,IPSO,0.3338259454833741,25,0.1132240999722853,416
4,19,202605,PSO,0.3347011197729635,25,0.1162583000259473,416
4,19,202605,GA,0.3443004607892642,25,0.1429732999531552,416
4,19,202605,ACO,0.3572365392737522,18,0.3982709000119939,416
4,19,202605,DE,0.3597429377442501,25,0.1540222000330686,416
4,19,202606,IPSO,0.3709443169819031,22,0.1196229000343009,416
4,19,202606,PSO,0.3427446339269527,22,0.1323292999295517,416
4,19,202606,GA,0.3441618584224208,25,0.1316477000946179,416
4,19,202606,ACO,0.3329317056387145,21,0.3407598999328911,416
4,19,202606,DE,0.3523858069285334,25,0.1395552000030875,416
4,19,202607,IPSO,0.3485086246712516,11,0.1249131999211385,416
4,19,202607,PSO,0.3365622053577558,25,0.102517900057137,416
4,19,202607,GA,0.3362354875166791,13,0.1233081000391393,416
4,19,202607,ACO,0.342459289500452,18,0.3350279999431222,416
4,19,202607,DE,0.3476045644470237,15,0.1271129000233486,416
4,19,202608,IPSO,0.3462271030646769,25,0.1217738999985158,416
4,19,202608,PSO,0.3436195195538786,25,0.1053244000067934,416
4,19,202608,GA,0.3538837636386346,21,0.12288769998122,416
4,19,202608,ACO,0.344022717566555,20,0.4047818999970332,416
4,19,202608,DE,0.3637944557910043,14,0.1305177999893203,416
4,19,202609,IPSO,0.3377663232492989,25,0.1233693000394851,416
4,19,202609,PSO,0.3356812758835756,25,0.1170991999097168,416
4,19,202609,GA,0.3319840182940814,25,0.1883050000760704,416
4,19,202609,ACO,0.357034159591909,19,0.3673756000353023,416
4,19,202609,DE,0.3586923632165315,25,0.1345566000090912,416
4,19,202610,IPSO,0.3554670525705156,25,0.1143442000029608,416
4,19,202610,PSO,0.3603275239252491,24,0.1062764999223873,416
4,19,202610,GA,0.3333571680183529,20,0.1162274000234901,416
4,19,202610,ACO,0.351558597620843,14,0.3532260999782011,416
4,19,202610,DE,0.3500409476953889,20,0.1315604000119492,416
4,19,202611,IPSO,0.3330088069097552,16,0.1065700000617653,416
4,19,202611,PSO,0.3411703902781443,25,0.1187105999561026,416
4,19,202611,GA,0.3393382561328502,25,0.1399710000259801,416
4,19,202611,ACO,0.3649403401724637,17,0.3292722000041976,416
4,19,202611,DE,0.3694943368291284,22,0.1020494000986218,416
4,19,202612,IPSO,0.3311359005475668,25,0.0859532000031322,416
4,19,202612,PSO,0.3399240224556227,22,0.083371500018984,416
4,19,202612,GA,0.3380005502446521,25,0.1088965000817552,416
4,19,202612,ACO,0.3619609582487648,18,0.2670748999807983,416
4,19,202612,DE,0.3630806553574803,15,0.1126052999170497,416
4,19,202613,IPSO,0.3324937304819864,18,0.096081499941647,416
4,19,202613,PSO,0.3391481789085098,25,0.1044454999500885,416
4,19,202613,GA,0.3588378303184464,18,0.0929033999564126,416
4,19,202613,ACO,0.3380590637714396,19,0.2837508000666275,416
4,19,202613,DE,0.3590064802115394,24,0.1127570000244304,416
4,19,202614,IPSO,0.3374925106739607,13,0.0966602000407874,416
4,19,202614,PSO,0.3478549896885037,25,0.0926341000013053,416
4,19,202614,GA,0.3405405294710398,25,0.1008670000592246,416
4,19,202614,ACO,0.3445117071606234,15,0.2626860000891611,416
4,19,202614,DE,0.3690170973034791,23,0.1190673999954015,416
4,19,202615,IPSO,0.3483632073395501,14,0.0905220999848097,416
4,19,202615,PSO,0.3529515890087796,25,0.0978213999187573,416
4,19,202615,GA,0.3509644606706184,25,0.1047692000865936,416
4,19,202615,ACO,0.3355568787054362,20,0.2943266999209299,416
4,19,202615,DE,0.3499526670308284,16,0.1157140000723302,416
4,19,202616,IPSO,0.3481187017199496,25,0.1033730000490322,416
4,19,202616,PSO,0.3529674335180123,20,0.089982199948281,416
4,19,202616,GA,0.3261615514977979,25,0.1198930999962613,416
4,19,202616,ACO,0.3331657803589261,10,0.2832016999600455,416
4,19,202616,DE,0.3556876899323768,12,0.1188849998870864,416
4,19,202617,IPSO,0.3457799875133499,23,0.086321200011298,416
4,19,202617,PSO,0.3438662369626674,25,0.0936219999566674,416
4,19,202617,GA,0.3489057558158048,23,0.0971385999582707,416
4,19,202617,ACO,0.3432813173405762,18,0.2779602999798953,416
4,19,202617,DE,0.3670729491614619,25,0.1120917999651283,416
4,19,202618,IPSO,0.3370242736066349,18,0.1137533000437542,416
4,19,202618,PSO,0.3367195358866469,25,0.1247536999871954,416
4,19,202618,GA,0.3571468129212689,25,0.1253640000941231,416
4,19,202618,ACO,0.3405745904889082,25,0.3155007999157533,416
4,19,202618,DE,0.3662360506894054,23,0.1064421000191941,416
4,19,202619,IPSO,0.3712055784863413,14,0.085795999970287,416
4,19,202619,PSO,0.3236733259122649,25,0.0849395999684929,416
4,19,202619,GA,0.3318679323466204,25,0.0907822999870404,416
4,19,202619,ACO,0.3335711084857782,15,0.3119894000701606,416
4,19,202619,DE,0.3631007284123801,25,0.1084041000576689,416
4,19,202620,IPSO,0.3347917666736361,18,0.1010941000422462,416
4,19,202620,PSO,0.3261193953338995,25,0.0866585000185296,416
4,19,202620,GA,0.3481890495865264,25,0.0931471999501809,416
4,19,202620,ACO,0.342598010070865,16,0.2924045000690967,416
4,19,202620,DE,0.3606023264001685,17,0.1207298999652266,416
4,19,202621,IPSO,0.3369671030274827,21,0.0960550000891089,416
4,19,202621,PSO,0.3593573706853848,25,0.1024617000948637,416
4,19,202621,GA,0.3195223463905509,25,0.0955778999486938,416
4,19,202621,ACO,0.3287785069928713,21,0.3088984999340027,416
4,19,202621,DE,0.3734087703949127,17,0.1178190000355243,416
4,19,202622,IPSO,0.3304760557896472,17,0.1094790999777615,416
4,19,202622,PSO,0.3334422513479718,25,0.1056472000200301,416
4,19,202622,GA,0.3481512934961238,25,0.1035660000052303,416
4,19,202622,ACO,0.3683199952786105,19,0.3099708999507129,416
4,19,202622,DE,0.3523820747205469,18,0.1358689999906346,416
4,19,202623,IPSO,0.3371147819559992,12,0.1015693999361246,416
4,19,202623,PSO,0.3552615507862311,25,0.1297589000314474,416
4,19,202623,GA,0.331212140788373,25,0.09079919999931,416
4,19,202623,ACO,0.3360227732763775,20,0.3756933999247849,416
4,19,202623,DE,0.3542857416669035,22,0.1252251000842079,416
4,19,202624,IPSO,0.3457249146983137,20,0.1254338999278843,416
4,19,202624,PSO,0.3672773342050284,12,0.0804266999475658,416
4,19,202624,GA,0.3280873485579645,18,0.1181296999566257,416
4,19,202624,ACO,0.3576998399783074,16,0.3081978999543935,416
4,19,202624,DE,0.3207288107435398,17,0.1314717000350356,416
4,19,202625,IPSO,0.3370242736066349,13,0.0885715000331401,416
4,19,202625,PSO,0.3685005524475434,24,0.1011915999697521,416
4,19,202625,GA,0.3320633439708292,25,0.1040083999978378,416
4,19,202625,ACO,0.343852578570706,16,0.3015487000811845,416
4,19,202625,DE,0.3506904238171333,15,0.1117565999738872,416
4,19,202626,IPSO,0.3357792803888585,25,0.097682400024496,416
4,19,202626,PSO,0.3446240684580198,25,0.1110491999424994,416
4,19,202626,GA,0.3358664091784059,25,0.1161178000038489,416
4,19,202626,ACO,0.3428309532913918,10,0.3199097000760957,416
4,19,202626,DE,0.3611167129844966,25,0.1434418999124318,416
4,19,202627,IPSO,0.336402561821929,15,0.0964844999834895,416
4,19,202627,PSO,0.349303049127173,20,0.1135680000297725,416
4,19,202627,GA,0.3436145392393878,25,0.1117787000257521,416
4,19,202627,ACO,0.3406693384937922,17,0.3068185000447556,416
4,19,202627,DE,0.365819752958427,25,0.1146457999711856,416
4,19,202628,IPSO,0.3185634796855917,25,0.1252836999483406,416
4,19,202628,PSO,0.3529142208646881,15,0.0950100000482052,416
4,19,202628,GA,0.3352880472023859,25,0.1019615000113844,416
4,19,202628,ACO,0.3330000340105554,18,0.3269661000231281,416
4,19,202628,DE,0.363880714609136,17,0.1064019000623375,416
4,19,202629,IPSO,0.3335700345070885,18,0.0914342999458313,416
4,19,202629,PSO,0.3203008633744297,25,0.0851064999587833,416
4,19,202629,GA,0.332231932908184,25,0.1092264000326395,416
4,19,202629,ACO,0.3132831740365975,24,0.2846550999674946,416
4,19,202629,DE,0.3700567421187706,14,0.0962792000500485,416
4,19,202630,IPSO,0.3310098811915224,15,0.0896687000058591,416
4,19,202630,PSO,0.3852073613127637,19,0.0786056999349966,416
4,19,202630,GA,0.3620764825404927,25,0.1038180999457836,416
4,19,202630,ACO,0.327926731530126,21,0.2861696999752894,416
4,19,202630,DE,0.3479152850980745,25,0.1162000999320298,416
5,22,202601,IPSO,0.3856812964135478,24,0.0848407000303268,416
5,22,202601,PSO,0.3618942545740001,16,0.0893614999949932,416
5,22,202601,GA,0.3555930959375433,25,0.1160166999325156,416
5,22,202601,ACO,0.3693330091979843,18,0.3080241000279784,416
5,22,202601,DE,0.3734914754865944,25,0.1133736000629141,416
5,22,202602,IPSO,0.3611975145314898,20,0.11035999993328,416
5,22,202602,PSO,0.357942469108904,25,0.1161653000162914,416
5,22,202602,GA,0.3572453661987818,25,0.1338869999162852,416
5,22,202602,ACO,0.3408423226160288,25,0.3403273000149056,416
5,22,202602,DE,0.3704354795742527,25,0.1743515999987721,416
5,22,202603,IPSO,0.3572602071187226,14,0.1050655000144615,416
5,22,202603,PSO,0.3572051859147809,21,0.1114515999797731,416
5,22,202603,GA,0.3458248992615834,24,0.1306638999376446,416
5,22,202603,ACO,0.3419681764168407,20,0.3348303999518975,416
5,22,202603,DE,0.3539744482613385,17,0.1398176000220701,416
5,22,202604,IPSO,0.3546435485555096,25,0.1265651999274268,416
5,22,202604,PSO,0.34943689157691,22,0.1145997999701649,416
5,22,202604,GA,0.3544428876702011,23,0.1140588999260217,416
5,22,202604,ACO,0.3349823763046383,24,0.3341537000378594,416
5,22,202604,DE,0.374163917233472,18,0.1516501000151038,416
5,22,202605,IPSO,0.3438249368188845,25,0.1123319000471383,416
5,22,202605,PSO,0.3521086815157829,25,0.1302218999480828,416
5,22,202605,GA,0.3610715011544246,19,0.0910304000135511,416
5,22,202605,ACO,0.3519055995219322,25,0.3887364999391138,416
5,22,202605,DE,0.3941480568813713,25,0.1336144000524655,416
5,22,202606,IPSO,0.3570392085700457,25,0.0903013999341055,416
5,22,202606,PSO,0.359614992939174,25,0.0958456000080332,416
5,22,202606,GA,0.3389587899400079,25,0.105873699998483,416
5,22,202606,ACO,0.3340378286018031,25,0.3630961000453681,416
5,22,202606,DE,0.37509264950166,12,0.1454853999894112,416
5,22,202607,IPSO,0.3442650287391965,25,0.1556956999702379,416
5,22,202607,PSO,0.34998989145563,25,0.1149755000369623,416
5,22,202607,GA,0.3449739199222725,25,0.1063164999941364,416
5,22,202607,ACO,0.3585351047111617,20,0.4114428000757471,416
5,22,202607,DE,0.3933732753642245,16,0.1613751000259071,416
5,22,202608,IPSO,0.3533584272363183,25,0.1105241000186652,416
5,22,202608,PSO,0.3556918447433455,24,0.1030850000679493,416
5,22,202608,GA,0.3570934522955108,25,0.1069908000063151,416
5,22,202608,ACO,0.3511783952793357,23,0.3540373999858275,416
5,22,202608,DE,0.3652451213093416,25,0.1680289000505581,416
5,22,202609,IPSO,0.3397999552365368,25,0.1501730000600218,416
5,22,202609,PSO,0.3519435538697482,24,0.1593242000089958,416
5,22,202609,GA,0.3800886487684745,25,0.1293727000011131,416
5,22,202609,ACO,0.3280465585219062,25,0.323457199963741,416
5,22,202609,DE,0.3686673136896188,25,0.1439455999061465,416
5,22,202610,IPSO,0.3413222852606102,25,0.0895633000181987,416
5,22,202610,PSO,0.3592680431149161,25,0.1407192000187933,416
5,22,202610,GA,0.347182598890299,25,0.1222056000260636,416
5,22,202610,ACO,0.3728491251747864,18,0.3348889999324456,416
5,22,202610,DE,0.359873416782309,16,0.1316709000384435,416
5,22,202611,IPSO,0.3548443080267868,25,0.1076369000365957,416
5,22,202611,PSO,0.3753839921694286,25,0.1052442999789491,416
5,22,202611,GA,0.3449134751466847,25,0.0953053999692201,416
5,22,202611,ACO,0.3565703736445146,23,0.3164116999832913,416
5,22,202611,DE,0.3886881017398971,20,0.1317573999986052,416
5,22,202612,IPSO,0.3381425704074507,13,0.1336599999340251,416
5,22,202612,PSO,0.3493695747774687,25,0.1176411999622359,416
5,22,202612,GA,0.3417354064541145,25,0.1208677000831812,416
5,22,202612,ACO,0.336353000083035,24,0.4245930999750271,416
5,22,202612,DE,0.3775475815316866,25,0.1128531000576913,416
5,22,202613,IPSO,0.3315997429053511,15,0.1507682000519707,416
5,22,202613,PSO,0.3489022426364895,25,0.0959174000890925,416
5,22,202613,GA,0.3460281066358193,25,0.1059941999847069,416
5,22,202613,ACO,0.3558751405680304,18,0.4003521000267938,416
5,22,202613,DE,0.3787216402092283,14,0.0879955000709742,416
5,22,202614,IPSO,0.3644300537650397,25,0.1041399000678211,416
5,22,202614,PSO,0.3400479220777052,25,0.0851103999884799,416
5,22,202614,GA,0.3481776391505511,25,0.1190544000128284,416
5,22,202614,ACO,0.3436201449705687,20,0.360685299965553,416
5,22,202614,DE,0.3674089767274296,22,0.112722499994561,416
5,22,202615,IPSO,0.362434622133724,25,0.0917529999278485,416
5,22,202615,PSO,0.3525540715729693,25,0.1105683000059798,416
5,22,202615,GA,0.347393597549462,25,0.0954269999638199,416
5,22,202615,ACO,0.3514453564350702,23,0.3321707000723108,416
5,22,202615,DE,0.3814231179687812,14,0.1510356001090258,416
5,22,202616,IPSO,0.3606526132642704,24,0.1128231999464333,416
5,22,202616,PSO,0.3609947878008532,25,0.0878925001015886,416
5,22,202616,GA,0.3488066525603325,20,0.0947741999989375,416
5,22,202616,ACO,0.3493881529266727,25,0.3637514000292867,416
5,22,202616,DE,0.3925264743799824,25,0.1352784000337124,416
5,22,202617,IPSO,0.3720928756446968,12,0.091226200107485,416
5,22,202617,PSO,0.3685198329060789,25,0.0909773000748828,416
5,22,202617,GA,0.3399281428795391,25,0.1428577000042423,416
5,22,202617,ACO,0.3248134745249925,25,0.3714844000060111,416
5,22,202617,DE,0.3696763487599262,25,0.1333364000311121,416
5,22,202618,IPSO,0.3520825407049543,25,0.0960402999771758,416
5,22,202618,PSO,0.3753611176159004,14,0.1015150999883189,416
5,22,202618,GA,0.3503966946988687,23,0.0941813999088481,416
5,22,202618,ACO,0.3478847864024809,25,0.3309047999791801,416
5,22,202618,DE,0.3739397882776039,15,0.1181955999927595,416
5,22,202619,IPSO,0.3437484132303531,25,0.1366280000656843,416
5,22,202619,PSO,0.3376684824292507,25,0.1097087000962346,416
5,22,202619,GA,0.350055928759525,25,0.1802457000594586,416
5,22,202619,ACO,0.3262733396804467,21,0.3811402000719681,416
5,22,202619,DE,0.3674502516674058,25,0.1154986000619828,416
5,22,202620,IPSO,0.352557172975486,14,0.0908666999312117,416
5,22,202620,PSO,0.3517768439852343,25,0.0840958000626415,416
5,22,202620,GA,0.3552573506741548,25,0.1165609000017866,416
5,22,202620,ACO,0.3436057525618403,25,0.3144060000777244,416
5,22,202620,DE,0.3804901399430227,15,0.1361764000030234,416
5,22,202621,IPSO,0.3614682032722635,25,0.1124502000166103,416
5,22,202621,PSO,0.3773660480804841,25,0.0915129999630153,416
5,22,202621,GA,0.3442780652708555,25,0.1166885999264195,416
5,22,202621,ACO,0.3535105279418256,24,0.3182322999928146,416
5,22,202621,DE,0.3822012587672647,16,0.1285413999576121,416
5,22,202622,IPSO,0.3504714852151754,25,0.1154785000253468,416
5,22,202622,PSO,0.3667835648490901,25,0.1116576000349596,416
5,22,202622,GA,0.3546004461385345,25,0.1292970000067725,416
5,22,202622,ACO,0.3594832511166784,20,0.3318174999440089,416
5,22,202622,DE,0.3734979798246912,15,0.136977200047113,416
5,22,202623,IPSO,0.3553561290691734,25,0.1077302999328821,416
5,22,202623,PSO,0.3517089312028481,25,0.1110420000040903,416
5,22,202623,GA,0.3301434728310529,24,0.1330342000583186,416
5,22,202623,ACO,0.3492061267881597,22,0.3428925001062453,416
5,22,202623,DE,0.3676253629272784,14,0.1108289000112563,416
5,22,202624,IPSO,0.3650474994260525,25,0.1068784000817686,416
5,22,202624,PSO,0.3589365146962141,25,0.1041624000063166,416
5,22,202624,GA,0.3350758872249603,25,0.1044468000764027,416
5,22,202624,ACO,0.3596555829853003,25,0.3833092999411747,416
5,22,202624,DE,0.3565832001416316,15,0.1040379999903962,416
5,22,202625,IPSO,0.3392247751690312,25,0.0890287000220269,416
5,22,202625,PSO,0.3554547791500258,21,0.1213845000602305,416
5,22,202625,GA,0.3378683657240149,25,0.1049628000473603,416
5,22,202625,ACO,0.3482799651503314,19,0.3677862000185996,416
5,22,202625,DE,0.3716132447535932,12,0.1391154000302776,416
5,22,202626,IPSO,0.3543735393973327,25,0.1096178999869152,416
5,22,202626,PSO,0.3655315916502827,25,0.116033700061962,416
5,22,202626,GA,0.3346994510228673,25,0.1076443999772891,416
5,22,202626,ACO,0.3580618364592355,14,0.3227828000672161,416
5,22,202626,DE,0.3818669784423915,25,0.1253703000256791,416
5,22,202627,IPSO,0.3544257062423651,25,0.1153773000696674,416
5,22,202627,PSO,0.3511736868304288,25,0.1087721000658348,416
5,22,202627,GA,0.3526791215839658,19,0.1061955000041052,416
5,22,202627,ACO,0.3585967204707797,13,0.3062859999481588,416
5,22,202627,DE,0.3852210530481113,22,0.1050234000431373,416
5,22,202628,IPSO,0.3378052116600615,25,0.1026164999930188,416
5,22,202628,PSO,0.3438516686908484,25,0.0884007000131532,416
5,22,202628,GA,0.3445559648415046,25,0.1407363000325858,416
5,22,202628,ACO,0.3481747949348153,25,0.3561754000838846,416
5,22,202628,DE,0.3689130419943429,25,0.1280759000219404,416
5,22,202629,IPSO,0.3497387510885241,25,0.1175335999578237,416
5,22,202629,PSO,0.3697262337890519,23,0.1181162999710068,416
5,22,202629,GA,0.3550573186043542,25,0.0999063000781461,416
5,22,202629,ACO,0.3492076075002759,25,0.3516965999733656,416
5,22,202629,DE,0.3906237257906336,20,0.1344120000721886,416
5,22,202630,IPSO,0.3618933466409599,25,0.1012891000136733,416
5,22,202630,PSO,0.3712899442626323,21,0.0958686000667512,416
5,22,202630,GA,0.3680820790765055,25,0.0958249999675899,416
5,22,202630,ACO,0.3542138661472886,20,0.3152271000435576,416
5,22,202630,DE,0.3647265364282084,25,0.1219243999803438,416
6,25,202601,IPSO,0.3975496825390875,25,0.1036435000132769,416
6,25,202601,PSO,0.4355696439004185,22,0.1170849000336602,416
6,25,202601,GA,0.4122732240793538,25,0.1140640000812709,416
6,25,202601,ACO,0.4170692754850276,20,0.3967359999660402,416
6,25,202601,DE,0.4307855847109598,11,0.1457085999427363,416
6,25,202602,IPSO,0.4085508974915449,25,0.0885364999994635,416
6,25,202602,PSO,0.4126807247719103,25,0.1093725999817252,416
6,25,202602,GA,0.4050710521995567,25,0.1257017999887466,416
6,25,202602,ACO,0.3858031520513105,24,0.3832173000555485,416
6,25,202602,DE,0.4476014228887852,21,0.1417680999729782,416
6,25,202603,IPSO,0.3920406639323766,11,0.1363118999870494,416
6,25,202603,PSO,0.4072350803074065,25,0.120648399926722,416
6,25,202603,GA,0.4153883485160287,19,0.1156825999496504,416
6,25,202603,ACO,0.3937358651461963,13,0.3981092000612989,416
6,25,202603,DE,0.4279712781283799,15,0.1350829999428242,416
6,25,202604,IPSO,0.4064565795097615,25,0.1220591999590396,416
6,25,202604,PSO,0.4110095278150532,25,0.1192572000436484,416
6,25,202604,GA,0.3812166763151238,25,0.1087194000137969,416
6,25,202604,ACO,0.3894358575321872,17,0.4395068000303581,416
6,25,202604,DE,0.4452979842101583,14,0.1733904000138864,416
6,25,202605,IPSO,0.3947185838136692,20,0.1159376000287011,416
6,25,202605,PSO,0.4156815082439865,25,0.1159310999792069,416
6,25,202605,GA,0.4042099335406302,24,0.1376157000195235,416
6,25,202605,ACO,0.3914535598615761,25,0.3932832999853417,416
6,25,202605,DE,0.4264417244813316,16,0.1379661000100895,416
6,25,202606,IPSO,0.4032863201241087,25,0.1114240000024437,416
6,25,202606,PSO,0.4062683011668904,19,0.1222743999678641,416
6,25,202606,GA,0.4050007078548532,25,0.1260036999592557,416
6,25,202606,ACO,0.3956785402672788,23,0.4240041999146342,416
6,25,202606,DE,0.4136206620490743,12,0.1377960999961942,416
6,25,202607,IPSO,0.4000580205052438,25,0.1256946000503376,416
6,25,202607,PSO,0.4187330554166447,25,0.1250162000069394,416
6,25,202607,GA,0.4118412146704931,25,0.1580582000315189,416
6,25,202607,ACO,0.4219773758581138,19,0.4016507000196725,416
6,25,202607,DE,0.4309160014904484,22,0.1050860000541433,416
6,25,202608,IPSO,0.3995290053963241,21,0.1064472999423742,416
6,25,202608,PSO,0.4282089199482114,25,0.1065296999877318,416
6,25,202608,GA,0.4051800933914813,25,0.1363564000930637,416
6,25,202608,ACO,0.4117705935634626,25,0.3765908000059426,416
6,25,202608,DE,0.429213296700218,20,0.1393064999720081,416
6,25,202609,IPSO,0.383963640292299,17,0.0995487000327557,416
6,25,202609,PSO,0.4409610611005607,20,0.0935500999912619,416
6,25,202609,GA,0.3916072510383396,25,0.1092721000313758,416
6,25,202609,ACO,0.3888514419920043,20,0.3635502000106498,416
6,25,202609,DE,0.4358406473147571,16,0.1190775000723078,416
6,25,202610,IPSO,0.3930630018359169,25,0.1084803999401629,416
6,25,202610,PSO,0.4396923120604072,25,0.0949175000423565,416
6,25,202610,GA,0.4087210629294764,25,0.1155665999976918,416
6,25,202610,ACO,0.3859265534054105,25,0.3993398000020534,416
6,25,202610,DE,0.4211466023553204,25,0.1103173000738024,416
6,25,202611,IPSO,0.3827761133337342,11,0.0925301000243052,416
6,25,202611,PSO,0.4167148631307456,18,0.1225285000400617,416
6,25,202611,GA,0.3844397627376409,25,0.1100445000920444,416
6,25,202611,ACO,0.3983683196064242,20,0.3982779000652954,416
6,25,202611,DE,0.4274834275512932,20,0.1229023999767378,416
6,25,202612,IPSO,0.4043041521697139,25,0.0917878999607637,416
6,25,202612,PSO,0.4292026599075634,25,0.086311100050807,416
6,25,202612,GA,0.3954625672625629,25,0.1067461000056937,416
6,25,202612,ACO,0.403845626656146,22,0.3238638000329956,416
6,25,202612,DE,0.4321688486804439,25,0.1445902000414207,416
6,25,202613,IPSO,0.4062486241588174,25,0.1005750000476837,416
6,25,202613,PSO,0.4146530194510111,20,0.1022367000114172,416
6,25,202613,GA,0.4002836234265035,25,0.1031249999068677,416
6,25,202613,ACO,0.3811622696488109,25,0.3833667000290006,416
6,25,202613,DE,0.4323583300136785,25,0.1298041000263765,416
6,25,202614,IPSO,0.4036727640158485,25,0.1001760000362992,416
6,25,202614,PSO,0.4254155962064724,23,0.1084286000113934,416
6,25,202614,GA,0.4135262310920909,25,0.1030632000183686,416
6,25,202614,ACO,0.4134848899595993,22,0.3732043000636622,416
6,25,202614,DE,0.4349200850183222,25,0.1421841999981552,416
6,25,202615,IPSO,0.3993802266176724,22,0.1316511000040918,416
6,25,202615,PSO,0.4148297031772764,23,0.0809423000318929,416
6,25,202615,GA,0.388531913404857,25,0.1154117999831214,416
6,25,202615,ACO,0.3995857457376326,25,0.3901355001144111,416
6,25,202615,DE,0.4354036169122164,22,0.1349508999846875,416
6,25,202616,IPSO,0.3855708765950198,25,0.1189206999260932,416
6,25,202616,PSO,0.4122783694117166,17,0.1236410000128671,416
6,25,202616,GA,0.3973536547165887,25,0.1018956999760121,416
6,25,202616,ACO,0.4001435759574276,25,0.3970126999774948,416
6,25,202616,DE,0.4347913436867451,23,0.1659102999838069,416
6,25,202617,IPSO,0.3881633794001941,25,0.113603499950841,416
6,25,202617,PSO,0.4294014378531098,22,0.0911354999989271,416
6,25,202617,GA,0.4141612345001496,25,0.1621389000210911,416
6,25,202617,ACO,0.3894497634651172,20,0.4197034999961033,416
6,25,202617,DE,0.4431568142870184,25,0.1528688999824226,416
6,25,202618,IPSO,0.3822181285380724,21,0.1260332999518141,416
6,25,202618,PSO,0.4246608685845745,25,0.1491380000952631,416
6,25,202618,GA,0.420455845539689,25,0.1023680999642238,416
6,25,202618,ACO,0.4055310502295528,14,0.4269648999907076,416
6,25,202618,DE,0.4250094313128663,17,0.1458555000135675,416
6,25,202619,IPSO,0.3844665117747003,25,0.1544241999508813,416
6,25,202619,PSO,0.4114368646413731,25,0.1429818000178784,416
6,25,202619,GA,0.4073352908168034,25,0.1396731999702751,416
6,25,202619,ACO,0.4047582011683983,20,0.3828026999253779,416
6,25,202619,DE,0.4287141947557807,24,0.1271914000390097,416
6,25,202620,IPSO,0.4000008444907441,23,0.1119661000557243,416
6,25,202620,PSO,0.4154080015256559,25,0.1001600000308826,416
6,25,202620,GA,0.4177472535806606,24,0.097192799905315,416
6,25,202620,ACO,0.3925694340435031,25,0.39119989995379,416
6,25,202620,DE,0.4293756671282173,16,0.1260829999810084,416
6,25,202621,IPSO,0.3980770890318843,25,0.0996724999276921,416
6,25,202621,PSO,0.3824218575655201,17,0.0973224999615922,416
6,25,202621,GA,0.3772720186010351,20,0.1381776999915018,416
6,25,202621,ACO,0.3988849040428519,24,0.3874281999887898,416
6,25,202621,DE,0.4164383801109215,25,0.1432815000880509,416
6,25,202622,IPSO,0.4022140844494818,12,0.1163068000460043,416
6,25,202622,PSO,0.4292029487268431,25,0.1193150000181049,416
6,25,202622,GA,0.4151577238500191,25,0.1204490999225527,416
6,25,202622,ACO,0.4138778892647038,21,0.3917998999822885,416
6,25,202622,DE,0.4347263430533183,25,0.1607804000377655,416
6,25,202623,IPSO,0.4008505472068273,14,0.1005673999898135,416
6,25,202623,PSO,0.4224908890760635,25,0.1022279999451711,416
6,25,202623,GA,0.4057327538829124,25,0.1154735999880358,416
6,25,202623,ACO,0.388956248602318,25,0.3277267999947071,416
6,25,202623,DE,0.4275851312685955,24,0.1312150000594556,416
6,25,202624,IPSO,0.4018061318288038,13,0.0965516000287607,416
6,25,202624,PSO,0.4119686718209667,15,0.0860755000030621,416
6,25,202624,GA,0.3936338790621833,25,0.1202425999799743,416
6,25,202624,ACO,0.3925546342987713,25,0.3618807999882847,416
6,25,202624,DE,0.4346554935612334,12,0.1362037999788299,416
6,25,202625,IPSO,0.3847349514938482,18,0.1267125000013038,416
6,25,202625,PSO,0.4264481109411734,21,0.0852258000522852,416
6,25,202625,GA,0.3994136626915927,22,0.1424665000522509,416
6,25,202625,ACO,0.3704094322243876,25,0.3384424999821931,416
6,25,202625,DE,0.4462587336096124,25,0.181970200035721,416
6,25,202626,IPSO,0.4051249976921173,21,0.1057795999804511,416
6,25,202626,PSO,0.3971370890115474,25,0.1044463999569416,416
6,25,202626,GA,0.3995164759170936,25,0.1221580000128597,416
6,25,202626,ACO,0.3943587450425329,21,0.3725730999140069,416
6,25,202626,DE,0.4335325317049289,14,0.1052752999821677,416
6,25,202627,IPSO,0.3822827732727353,25,0.1322529000462964,416
6,25,202627,PSO,0.4325486647469105,14,0.1181255000410601,416
6,25,202627,GA,0.3903263502400874,25,0.1452918000286445,416
6,25,202627,ACO,0.398850799919586,25,0.4407826999668032,416
6,25,202627,DE,0.4317540654488251,25,0.1150983000406995,416
6,25,202628,IPSO,0.4035553109683572,16,0.1028280999744311,416
6,25,202628,PSO,0.4238380506173689,22,0.1074201000155881,416
6,25,202628,GA,0.4059693738585792,22,0.1183550000423565,416
6,25,202628,ACO,0.3824799330109598,20,0.3409905999433249,416
6,25,202628,DE,0.4391572503071383,16,0.1186285000294447,416
6,25,202629,IPSO,0.4082335994585062,12,0.103639299981296,416
6,25,202629,PSO,0.4177272338622416,25,0.1139275999739766,416
6,25,202629,GA,0.4079889635138394,25,0.1126069999299943,416
6,25,202629,ACO,0.3794312394754362,25,0.4539854000322521,416
6,25,202629,DE,0.435836393493186,16,0.1344348000129684,416
6,25,202630,IPSO,0.3927544083962263,25,0.1021630000323057,416
6,25,202630,PSO,0.440460140027633,25,0.1601764999795705,416
6,25,202630,GA,0.4137914141849315,25,0.1138307999353855,416
6,25,202630,ACO,0.4085671148688625,25,0.4425268999766558,416
6,25,202630,DE,0.4310382240258617,18,0.1329639999894425,416
7,26,202601,IPSO,0.3745816384887648,25,0.192560700001195,416
7,26,202601,PSO,0.4366890737430005,25,0.1169212999520823,416
7,26,202601,GA,0.424195583121639,25,0.0942782999482005,416
7,26,202601,ACO,0.4030539950130829,24,0.412707099923864,416
7,26,202601,DE,0.4407163439322977,21,0.1414877000497654,416
7,26,202602,IPSO,0.3813597941874743,11,0.1056860999669879,416
7,26,202602,PSO,0.3861226095244449,25,0.1085500000044703,416
7,26,202602,GA,0.4055527187372043,25,0.1310200000880286,416
7,26,202602,ACO,0.4313530540969724,19,0.3484750000061467,416
7,26,202602,DE,0.4359560655655336,25,0.1310413000173866,416
7,26,202603,IPSO,0.3851243940893541,25,0.0988905999111011,416
7,26,202603,PSO,0.4475573735964455,24,0.1176381999393925,416
7,26,202603,GA,0.4199863715178875,19,0.123305800021626,416
7,26,202603,ACO,0.4027912271747914,21,0.3971758000552654,416
7,26,202603,DE,0.4574916433257318,14,0.1257494000019505,416
7,26,202604,IPSO,0.3765695996165024,25,0.1008573999861255,416
7,26,202604,PSO,0.4417222185539343,25,0.1263373999390751,416
7,26,202604,GA,0.4046755341767427,25,0.1504345999564975,416
7,26,202604,ACO,0.384319720766207,25,0.3733600999694317,416
7,26,202604,DE,0.4319034605936495,12,0.112361800041981,416
7,26,202605,IPSO,0.3905290440836628,24,0.112531799939461,416
7,26,202605,PSO,0.4345140422735287,20,0.0870197000913322,416
7,26,202605,GA,0.4073130949052822,21,0.145803099963814,416
7,26,202605,ACO,0.4129336844837269,16,0.3536153000313788,416
7,26,202605,DE,0.4580728140948657,12,0.1395701000001281,416
7,26,202606,IPSO,0.3956400460895056,14,0.0974892999511212,416
7,26,202606,PSO,0.4583149941377839,25,0.1119138000067323,416
7,26,202606,GA,0.4070404140214445,25,0.0864043999463319,416
7,26,202606,ACO,0.4158935944889224,19,0.4366013999097049,416
7,26,202606,DE,0.4443128795806056,25,0.1379161999793723,416
7,26,202607,IPSO,0.3745816384887648,11,0.0989623001078143,416
7,26,202607,PSO,0.3987422749506454,25,0.1339424999896437,416
7,26,202607,GA,0.4112038565497282,25,0.1187230999348685,416
7,26,202607,ACO,0.4224156311717158,19,0.3968836999265477,416
7,26,202607,DE,0.4442844148168084,19,0.1567410000134259,416
7,26,202608,IPSO,0.3847139952538856,25,0.1182589998934418,416
7,26,202608,PSO,0.4106331039327867,25,0.1432972000911831,416
7,26,202608,GA,0.4153029756568804,25,0.134139799978584,416
7,26,202608,ACO,0.402981790826629,20,0.4138070000335574,416
7,26,202608,DE,0.4286937541072596,19,0.1477378000272438,416
7,26,202609,IPSO,0.3859303423844061,11,0.1175683999899774,416
7,26,202609,PSO,0.4485252749339434,17,0.1380515999626368,416
7,26,202609,GA,0.4079765309884184,23,0.1343128000153228,416
7,26,202609,ACO,0.3992594401949667,25,0.3447234999621287,416
7,26,202609,DE,0.441389162670674,25,0.1440978000173345,416
7,26,202610,IPSO,0.3765695996165024,16,0.128800299949944,416
7,26,202610,PSO,0.4295820058253637,25,0.1051314000505954,416
7,26,202610,GA,0.4249709038932324,25,0.140793600003235,416
7,26,202610,ACO,0.396754946505842,22,0.3872286999830976,416
7,26,202610,DE,0.4506519007955997,17,0.1233450000872835,416
7,26,202611,IPSO,0.384604386553363,11,0.1099512000801041,416
7,26,202611,PSO,0.436707463274233,25,0.1399052999913692,416
7,26,202611,GA,0.4091327449057414,25,0.1420188000192865,416
7,26,202611,ACO,0.4025218056812586,25,0.4271138000767678,416
7,26,202611,DE,0.4400411194213669,17,0.1719788000918924,416
7,26,202612,IPSO,0.3909642782916555,11,0.1118793000932782,416
7,26,202612,PSO,0.4373776854929332,23,0.1238969000987708,416
7,26,202612,GA,0.3855824594182718,25,0.1108602000167593,416
7,26,202612,ACO,0.4061427766247016,20,0.4449127999832853,416
7,26,202612,DE,0.4360366371685958,25,0.1422328000189736,416
7,26,202613,IPSO,0.3755232493323133,17,0.1510897000553086,416
7,26,202613,PSO,0.4214406176951303,17,0.1293126000091433,416
7,26,202613,GA,0.4280001135332523,22,0.1623639999888837,416
7,26,202613,ACO,0.4169060279753327,25,0.3285044999793172,416
7,26,202613,DE,0.4409754514688381,25,0.1275437000440433,416
7,26,202614,IPSO,0.3784982220803708,11,0.1045277999946847,416
7,26,202614,PSO,0.4375437531707032,25,0.103694700053893,416
7,26,202614,GA,0.4417217035267199,22,0.160421600099653,416
7,26,202614,ACO,0.4052470410699105,23,0.3779770000837743,416
7,26,202614,DE,0.4540009405409633,11,0.1440102999331429,416
7,26,202615,IPSO,0.3745816384887648,11,0.1171301000285893,416
7,26,202615,PSO,0.4130257241633487,15,0.0911350999958813,416
7,26,202615,GA,0.4207372068877951,25,0.1267638000426814,416
7,26,202615,ACO,0.3963992637355974,25,0.3256090999348089,416
7,26,202615,DE,0.4323212728871116,16,0.1311227000551298,416
7,26,202616,IPSO,0.3853271145383627,25,0.0922272000461816,416
7,26,202616,PSO,0.4357845078404549,25,0.1061279999557882,416
7,26,202616,GA,0.407017159238502,25,0.1257932999869808,416
7,26,202616,ACO,0.4198125844093095,25,0.3418691999977454,416
7,26,202616,DE,0.448412838391825,24,0.1227962999837473,416
7,26,202617,IPSO,0.3799134074242913,11,0.0856396000599488,416
7,26,202617,PSO,0.4154245714097158,25,0.1139264999656006,416
7,26,202617,GA,0.4173419028988811,25,0.1191254999721422,416
7,26,202617,ACO,0.3936658579472098,17,0.3343976000323891,416
7,26,202617,DE,0.4277303558267296,16,0.1406857999972999,416
7,26,202618,IPSO,0.374777973395526,15,0.0890125000150874,416
7,26,202618,PSO,0.4214912104356035,20,0.0961306999670341,416
7,26,202618,GA,0.4292599547095535,25,0.1232655000640079,416
7,26,202618,ACO,0.409973315148898,19,0.342750999960117,416
7,26,202618,DE,0.4437010882473611,18,0.1152956000296399,416
7,26,202619,IPSO,0.3765695996165024,16,0.1110683999722823,416
7,26,202619,PSO,0.4347066189976346,25,0.1227304000640288,416
7,26,202619,GA,0.413378326445353,25,0.1137047000229358,416
7,26,202619,ACO,0.4064694646628194,15,0.393525299965404,416
7,26,202619,DE,0.4334735055622818,13,0.1296001999871805,416
7,26,202620,IPSO,0.3859303423844061,11,0.0908583999844268,416
7,26,202620,PSO,0.4552892357533271,25,0.0948695000261068,416
7,26,202620,GA,0.4416751349183404,17,0.1263425999786704,416
7,26,202620,ACO,0.4004485483521433,22,0.4246972999535501,416
7,26,202620,DE,0.4589817658678002,25,0.1326856999658048,416
7,26,202621,IPSO,0.3763907764117077,11,0.1097350999480113,416
7,26,202621,PSO,0.4237504848530339,23,0.0924220000160858,416
7,26,202621,GA,0.4278383478469434,25,0.1145342999370768,416
7,26,202621,ACO,0.423628180938984,20,0.4716472000582143,416
7,26,202621,DE,0.4558536729170842,13,0.1573312999680638,416
7,26,202622,IPSO,0.3765695996165024,25,0.1151673999847844,416
7,26,202622,PSO,0.4100311138543291,25,0.1200720000779256,416
7,26,202622,GA,0.4029251601741581,25,0.1291407999815419,416
7,26,202622,ACO,0.4103377944410697,15,0.3962559999199584,416
7,26,202622,DE,0.4402780604296751,25,0.1317287000128999,416
7,26,202623,IPSO,0.3765695996165024,25,0.0974936999846249,416
7,26,202623,PSO,0.4229782134842969,25,0.1022030999884009,416
7,26,202623,GA,0.4038995210972257,25,0.1273262000177055,416
7,26,202623,ACO,0.409239777990485,25,0.3497333999257535,416
7,26,202623,DE,0.4484396044837957,11,0.1342119999462738,416
7,26,202624,IPSO,0.3813597941874743,18,0.1167265999829396,416
7,26,202624,PSO,0.4296037418681875,25,0.1029211999848485,416
7,26,202624,GA,0.4212140812181103,25,0.1178523000562563,416
7,26,202624,ACO,0.4059330239240593,16,0.3892971000168472,416
7,26,202624,DE,0.4573806271305858,15,0.137595499982126,416
7,26,202625,IPSO,0.389231672964271,11,0.1142917000688612,416
7,26,202625,PSO,0.4110974299459898,25,0.0956257000798359,416
7,26,202625,GA,0.4335522270257969,25,0.1287669000448659,416
7,26,202625,ACO,0.386418528322501,22,0.3077524000545963,416
7,26,202625,DE,0.436002138397383,23,0.1283844000427052,416
7,26,202626,IPSO,0.393892518347497,25,0.10437960003037,416
7,26,202626,PSO,0.4349790346331206,25,0.1172549000475555,416
7,26,202626,GA,0.427542582582568,13,0.1156936000334099,416
7,26,202626,ACO,0.3913117442650539,25,0.3481116999173537,416
7,26,202626,DE,0.4518875461111807,25,0.1453719999408349,416
7,26,202627,IPSO,0.3791531286444892,11,0.097789500025101,416
7,26,202627,PSO,0.4107338720753529,25,0.1239772000117227,416
7,26,202627,GA,0.4168343283629594,25,0.1283326999982819,416
7,26,202627,ACO,0.4169484077181007,25,0.4035770000191405,416
7,26,202627,DE,0.4548658856181194,25,0.1339100999757647,416
7,26,202628,IPSO,0.3911385497449634,12,0.1140643999679014,416
7,26,202628,PSO,0.4285811525212026,25,0.0830567999510094,416
7,26,202628,GA,0.4330649185744193,25,0.0985958999954164,416
7,26,202628,ACO,0.3897903916654807,23,0.3343796000117436,416
7,26,202628,DE,0.4466566431143281,19,0.1470059000421315,416
7,26,202629,IPSO,0.3821327917202193,25,0.1099944000598043,416
7,26,202629,PSO,0.4378429223520835,25,0.1008898000000044,416
7,26,202629,GA,0.4146390218178844,25,0.1508788999635726,416
7,26,202629,ACO,0.3855767127598622,17,0.3747604000382125,416
7,26,202629,DE,0.4460868100053847,13,0.1254755000118166,416
7,26,202630,IPSO,0.3749508223765375,11,0.1028924999991431,416
7,26,202630,PSO,0.416023448941917,17,0.1024863000493496,416
7,26,202630,GA,0.4200520083145738,25,0.1273686001077294,416
7,26,202630,ACO,0.413010250588146,20,0.4209419999970123,416
7,26,202630,DE,0.4430776435164882,16,0.1400242999661713,416
8,28,202601,IPSO,0.43868912727491,11,0.1197539999848231,416
8,28,202601,PSO,0.4751435624888626,25,0.0976934999926015,416
8,28,202601,GA,0.4382799278703226,25,0.1823943000053987,416
8,28,202601,ACO,0.4592031645497887,20,0.4148875999962911,416
8,28,202601,DE,0.4967146219427574,25,0.128472700016573,416
8,28,202602,IPSO,0.4562464202623809,23,0.1289794000331312,416
8,28,202602,PSO,0.4458457036677383,25,0.1395979999797418,416
8,28,202602,GA,0.4691690982674333,25,0.1489874999970197,416
8,28,202602,ACO,0.4403874582968228,25,0.4264472000068053,416
8,28,202602,DE,0.4910593512384122,23,0.15551549999509,416
8,28,202603,IPSO,0.4414792528659471,11,0.1417743000201881,416
8,28,202603,PSO,0.4546898527663311,25,0.1179411000339314,416
8,28,202603,GA,0.4419477693014579,23,0.1596706999698653,416
8,28,202603,ACO,0.4519964479539465,25,0.4662692999700084,416
8,28,202603,DE,0.4906413139412922,25,0.1498624000232666,416
8,28,202604,IPSO,0.4414792528659471,11,0.1676085999934002,416
8,28,202604,PSO,0.4507205490999508,25,0.123942399979569,416
8,28,202604,GA,0.4274734265469257,23,0.1038014999357983,416
8,28,202604,ACO,0.4353347984757573,17,0.497400400112383,416
8,28,202604,DE,0.4945645304057401,17,0.1567663999740034,416
8,28,202605,IPSO,0.4414792528659471,17,0.1231812000041827,416
8,28,202605,PSO,0.4672204631554546,25,0.1101573000196367,416
8,28,202605,GA,0.4235605031497809,24,0.1157909999601543,416
8,28,202605,ACO,0.4524781504126094,23,0.4576012999750674,416
8,28,202605,DE,0.4747668310941991,12,0.0950683000264689,416
8,28,202606,IPSO,0.4414792528659471,11,0.1438966999994591,416
8,28,202606,PSO,0.4762424771968729,25,0.1250057999277487,416
8,28,202606,GA,0.4815189995057354,25,0.1418799998937174,416
8,28,202606,ACO,0.4538795984918946,24,0.3790194999892264,416
8,28,202606,DE,0.4815355783269078,12,0.1546406999696046,416
8,28,202607,IPSO,0.4414792528659471,11,0.1233019999926909,416
8,28,202607,PSO,0.4617130874927548,25,0.1217188999289646,416
8,28,202607,GA,0.4528178954503699,25,0.1422674000496044,416
8,28,202607,ACO,0.4334528341530794,25,0.4146855999715626,416
8,28,202607,DE,0.488604769078323,25,0.1377459999639541,416
8,28,202608,IPSO,0.4414792528659471,11,0.1362456000642851,416
8,28,202608,PSO,0.4859128605939219,17,0.1553046000190079,416
8,28,202608,GA,0.4379917929501674,25,0.1596834999509155,416
8,28,202608,ACO,0.4444728915311099,25,0.4490280000027269,416
8,28,202608,DE,0.5047823755785283,25,0.1551646000007167,416
8,28,202609,IPSO,0.4414792528659471,11,0.1180884001078084,416
8,28,202609,PSO,0.4425801992974372,25,0.1309209000319242,416
8,28,202609,GA,0.4337564771931352,25,0.1644879999803379,416
8,28,202609,ACO,0.4363394789542749,23,0.4530983000295236,416
8,28,202609,DE,0.4864397931663548,25,0.2072276000399142,416
8,28,202610,IPSO,0.4414792528659471,17,0.1370501000201329,416
8,28,202610,PSO,0.4644876976704604,25,0.1429250999353826,416
8,28,202610,GA,0.4374579025996921,25,0.1688240999355912,416
8,28,202610,ACO,0.4506520986092458,20,0.5306121999165043,416
8,28,202610,DE,0.4855531077185797,25,0.1644193999236449,416
8,28,202611,IPSO,0.4414792528659471,11,0.1217585999984294,416
8,28,202611,PSO,0.4581110937275982,25,0.1282315999269485,416
8,28,202611,GA,0.461951103468354,25,0.1659851000877097,416
8,28,202611,ACO,0.4524326376154537,19,0.4791743999812752,416
8,28,202611,DE,0.4736196823397094,20,0.1467628000536933,416
8,28,202612,IPSO,0.4414792528659471,25,0.1253945999778807,416
8,28,202612,PSO,0.4719941285174759,25,0.1560413999250158,416
8,28,202612,GA,0.4141817661869938,25,0.1390774000901729,416
8,28,202612,ACO,0.4269608652443037,24,0.4784023000393063,416
8,28,202612,DE,0.5009874595127226,18,0.1148757999762892,416
8,28,202613,IPSO,0.4414792528659471,11,0.1342812000075355,416
8,28,202613,PSO,0.4569957544547762,25,0.1376830999506637,416
8,28,202613,GA,0.4582905103788083,18,0.1686620999826118,416
8,28,202613,ACO,0.4341676021323873,22,0.4795190000440925,416
8,28,202613,DE,0.4737254665199563,18,0.1514123999513685,416
8,28,202614,IPSO,0.4800176306885674,18,0.1090219999896362,416
8,28,202614,PSO,0.4544043964449554,24,0.1253028999781236,416
8,28,202614,GA,0.4577252408540333,18,0.1577452999772504,416
8,28,202614,ACO,0.45502112710288,25,0.47786740004085,416
8,28,202614,DE,0.4872440702211588,21,0.1615835999837145,416
8,28,202615,IPSO,0.4313534001675293,25,0.1103001999435946,416
8,28,202615,PSO,0.4526125530094063,25,0.1199340999592095,416
8,28,202615,GA,0.4607999636598174,25,0.1564102999400347,416
8,28,202615,ACO,0.4244803304226135,19,0.4900672999210655,416
8,28,202615,DE,0.4783699025800471,22,0.1696035000495612,416
8,28,202616,IPSO,0.4414792528659471,11,0.1495414999080822,416
8,28,202616,PSO,0.4733904162397248,21,0.1350674000568688,416
8,28,202616,GA,0.4426515957795875,25,0.1415547999786213,416
8,28,202616,ACO,0.4451213034215579,24,0.4312034000176936,416
8,28,202616,DE,0.4476869268297085,18,0.1371195999672636,416
8,28,202617,IPSO,0.4313417864712099,11,0.1261402999516576,416
8,28,202617,PSO,0.4734825595550551,25,0.129277899977751,416
8,28,202617,GA,0.4688860419465944,13,0.1313545999582857,416
8,28,202617,ACO,0.4402250553153237,24,0.4378191999858245,416
8,28,202617,DE,0.4826384448771059,17,0.14769609994255,416
8,28,202618,IPSO,0.4414792528659471,11,0.1234941000584513,416
8,28,202618,PSO,0.4444680705981495,25,0.1268644001102075,416
8,28,202618,GA,0.4431229176805785,25,0.1446447999915108,416
8,28,202618,ACO,0.4373363652891486,25,0.431756499921903,416
8,28,202618,DE,0.4836819059941707,24,0.1279199999989941,416
8,28,202619,IPSO,0.4414792528659471,11,0.1378748000133782,416
8,28,202619,PSO,0.4735859682832535,22,0.1021454000147059,416
8,28,202619,GA,0.4562166395942674,25,0.1496885000960901,416
8,28,202619,ACO,0.4517850081376294,25,0.4254577999236062,416
8,28,202619,DE,0.4982639816199084,23,0.1288279000436887,416
8,28,202620,IPSO,0.4414792528659471,11,0.1022564000450074,416
8,28,202620,PSO,0.4590992928601941,17,0.1354764000279829,416
8,28,202620,GA,0.4505163462395776,25,0.1220385999185964,416
8,28,202620,ACO,0.4407310330451806,21,0.3751389998942613,416
8,28,202620,DE,0.4944723779413164,20,0.1470271000871434,416
8,28,202621,IPSO,0.461743298434985,25,0.107940400019288,416
8,28,202621,PSO,0.4665492955036781,25,0.1262929999502375,416
8,28,202621,GA,0.4353575937592613,22,0.1357535000424832,416
8,28,202621,ACO,0.4587400233331664,12,0.4302559000207111,416
8,28,202621,DE,0.4678524652622426,25,0.1445101000135764,416
8,28,202622,IPSO,0.4414792528659471,19,0.1269306999165564,416
8,28,202622,PSO,0.4328307018741702,25,0.1385217999340966,416
8,28,202622,GA,0.4402166590882848,25,0.1176520000444725,416
8,28,202622,ACO,0.4574746104246509,25,0.4063573000021279,416
8,28,202622,DE,0.4818588170542831,13,0.1563667000737041,416
8,28,202623,IPSO,0.4555096705728258,25,0.1281529000261798,416
8,28,202623,PSO,0.4501852014519916,16,0.133943699998781,416
8,28,202623,GA,0.4712206007717782,25,0.11695949989371,416
8,28,202623,ACO,0.4245462764131509,25,0.4194685999536887,416
8,28,202623,DE,0.478023116238389,19,0.1246233999263495,416
8,28,202624,IPSO,0.4414792528659471,11,0.1201026999624446,416
8,28,202624,PSO,0.4486184305772001,25,0.1302140000043437,416
8,28,202624,GA,0.4729618106232978,25,0.1346536999335512,416
8,28,202624,ACO,0.442829388375838,25,0.4030385001096874,416
8,28,202624,DE,0.4759810380137037,11,0.1333401000592857,416
8,28,202625,IPSO,0.4414792528659471,11,0.121545200003311,416
8,28,202625,PSO,0.4699656094124691,25,0.1136948999483138,416
8,28,202625,GA,0.4633504405510465,25,0.1335343000246212,416
8,28,202625,ACO,0.4708352936643986,21,0.4079589999746531,416
8,28,202625,DE,0.4854681433820359,18,0.1204890999943018,416
8,28,202626,IPSO,0.4414792528659471,11,0.1083076999057084,416
8,28,202626,PSO,0.4558244136549966,25,0.1080004000104963,416
8,28,202626,GA,0.4790559481894718,17,0.1147111000027507,416
8,28,202626,ACO,0.4389374933334109,25,0.3977977999020368,416
8,28,202626,DE,0.4818736971815873,25,0.1380991999758407,416
8,28,202627,IPSO,0.4414792528659471,11,0.1123932000482454,416
8,28,202627,PSO,0.446730012686472,15,0.1146487999940291,416
8,28,202627,GA,0.4622419769310637,25,0.1382881999015808,416
8,28,202627,ACO,0.4593567156982622,19,0.4060522000072524,416
8,28,202627,DE,0.4934879038841586,25,0.1460874000331387,416
8,28,202628,IPSO,0.4414792528659471,11,0.1210357999661937,416
8,28,202628,PSO,0.4785373043547782,23,0.1029900999274104,416
8,28,202628,GA,0.4483024535239807,25,0.1225566000211983,416
8,28,202628,ACO,0.4736831366943062,23,0.3622025999939069,416
8,28,202628,DE,0.5068518634329261,16,0.1209676000289619,416
8,28,202629,IPSO,0.4572698990455721,25,0.1097259999951347,416
8,28,202629,PSO,0.4811767755704622,19,0.1259387000463903,416
8,28,202629,GA,0.4514059918185724,25,0.1444441999774426,416
8,28,202629,ACO,0.4366215206131932,15,0.4006841999944299,416
8,28,202629,DE,0.4862643311150901,20,0.1475765999639406,416
8,28,202630,IPSO,0.4414792528659471,22,0.108413300011307,416
8,28,202630,PSO,0.4707100769993129,25,0.0993725999724119,416
8,28,202630,GA,0.4341580685570241,25,0.1295619999291375,416
8,28,202630,ACO,0.4545805277308851,19,0.4226509999716654,416
8,28,202630,DE,0.484779512671645,25,0.1468324000015854,416
9,29,202601,IPSO,0.4542280779956342,25,0.0985771000850945,416
9,29,202601,PSO,0.5072458144237466,25,0.1010681999614462,416
9,29,202601,GA,0.4608270591665169,25,0.1441852999851107,416
9,29,202601,ACO,0.4490671859097121,24,0.4598475999664515,416
9,29,202601,DE,0.5452653490849656,21,0.1517460999311879,416
9,29,202602,IPSO,0.4713680311030689,23,0.1315374000696465,416
9,29,202602,PSO,0.4403993621098654,25,0.1127521999878808,416
9,29,202602,GA,0.4709879030768505,25,0.1283468999899923,416
9,29,202602,ACO,0.4524574774036252,19,0.4500206999946385,416
9,29,202602,DE,0.528022499342283,25,0.1436104000313207,416
9,29,202603,IPSO,0.4590437749505454,25,0.1125145000405609,416
9,29,202603,PSO,0.4985348645666446,25,0.1266265000449493,416
9,29,202603,GA,0.4951292021309556,25,0.1172746000811457,416
9,29,202603,ACO,0.4817116334888481,25,0.4315636000828817,416
9,29,202603,DE,0.5027528633281017,25,0.1258243999909609,416
9,29,202604,IPSO,0.4628191293943443,25,0.1195406999904662,416
9,29,202604,PSO,0.469478748021702,21,0.1403436000691726,416
9,29,202604,GA,0.44864322314128,24,0.1444913999876007,416
9,29,202604,ACO,0.4365852005356113,20,0.4409627999411896,416
9,29,202604,DE,0.5136380747005026,17,0.1508693000068888,416
9,29,202605,IPSO,0.4618815281981798,11,0.1166252000257372,416
9,29,202605,PSO,0.49095662299006,25,0.0995018000248819,416
9,29,202605,GA,0.4432653572939234,25,0.1402084999717772,416
9,29,202605,ACO,0.4484990708440839,25,0.4589571000542491,416
9,29,202605,DE,0.4924778251059556,22,0.154175900039263,416
9,29,202606,IPSO,0.4642287511559738,11,0.1348913999972865,416
9,29,202606,PSO,0.5065641884145484,20,0.1386734000407159,416
9,29,202606,GA,0.4734175533627273,18,0.1129304999485611,416
9,29,202606,ACO,0.4368243205031669,25,0.4365504999877885,416
9,29,202606,DE,0.5167345789981695,23,0.1452125000068918,416
9,29,202607,IPSO,0.476213797440761,25,0.1373121000360697,416
9,29,202607,PSO,0.4922170379092311,18,0.1227428000420332,416
9,29,202607,GA,0.4772155854131058,25,0.1253406999167055,416
9,29,202607,ACO,0.478473836492294,15,0.4228875000262633,416
9,29,202607,DE,0.4943768803824079,21,0.1511161999078467,416
9,29,202608,IPSO,0.4749276068467352,23,0.1280444000149145,416
9,29,202608,PSO,0.4802770446342545,25,0.1015042000217363,416
9,29,202608,GA,0.4912625228258689,15,0.1394375999225303,416
9,29,202608,ACO,0.4573124826501678,25,0.4015008999267593,416
9,29,202608,DE,0.4917196869046405,19,0.1482622999465093,416
9,29,202609,IPSO,0.4705367641211246,16,0.117975200060755,416
9,29,202609,PSO,0.4797782565735295,25,0.1105489000910893,416
9,29,202609,GA,0.4638078715751439,25,0.1274125999771058,416
9,29,202609,ACO,0.4560300081207948,24,0.3888328000903129,416
9,29,202609,DE,0.5025651626132652,17,0.1344724999507889,416
9,29,202610,IPSO,0.4681867181597298,25,0.1246936999959871,416
9,29,202610,PSO,0.4922311963593831,17,0.1316172999795526,416
9,29,202610,GA,0.4927811408387625,25,0.1439113999949768,416
9,29,202610,ACO,0.4671807470473031,21,0.4172045999439433,416
9,29,202610,DE,0.5149468987942766,25,0.1362351999850943,416
9,29,202611,IPSO,0.4713830922795381,25,0.1207905999617651,416
9,29,202611,PSO,0.48893176737398,25,0.1159232000354677,416
9,29,202611,GA,0.4925624664831677,25,0.1536162999691441,416
9,29,202611,ACO,0.4440563963560836,25,0.4387869999045506,416
9,29,202611,DE,0.5083956364228547,21,0.1467041000723838,416
9,29,202612,IPSO,0.4671482256379612,11,0.1316919999662786,416
9,29,202612,PSO,0.5002941109263149,25,0.104538100073114,416
9,29,202612,GA,0.4739271442774351,15,0.1363381000701338,416
9,29,202612,ACO,0.4691469590555568,23,0.4519579000771045,416
9,29,202612,DE,0.5184484841574196,19,0.1492259999504313,416
9,29,202613,IPSO,0.4714773332913461,25,0.1239509999286383,416
9,29,202613,PSO,0.5174278101768826,25,0.1166297999443486,416
9,29,202613,GA,0.4626844639810505,23,0.1249316999455913,416
9,29,202613,ACO,0.4608279435763927,25,0.4842712000245228,416
9,29,202613,DE,0.4919365478341798,18,0.1365035000490024,416
9,29,202614,IPSO,0.4555972098478839,25,0.1274988999357447,416
9,29,202614,PSO,0.4610732246827806,25,0.1243571999948471,416
9,29,202614,GA,0.4841129366195497,25,0.1363978999434039,416
9,29,202614,ACO,0.4560936481708402,18,0.4592702999943867,416
9,29,202614,DE,0.5021382592481568,16,0.1478868999984115,416
9,29,202615,IPSO,0.4741513031526681,11,0.1251638999674469,416
9,29,202615,PSO,0.4798471379247136,25,0.1372385999420657,416
9,29,202615,GA,0.4502132142931466,21,0.1226461000042036,416
9,29,202615,ACO,0.4631692911304223,25,0.4159035000484437,416
9,29,202615,DE,0.5188451375699233,13,0.1273621000582352,416
9,29,202616,IPSO,0.4642287511559738,24,0.1271840999834239,416
9,29,202616,PSO,0.4844300453067885,25,0.143038299982436,416
9,29,202616,GA,0.4591086670750177,25,0.1355981000233441,416
9,29,202616,ACO,0.4520637670419122,25,0.451370200025849,416
9,29,202616,DE,0.5126841493450797,20,0.1361618000082671,416
9,29,202617,IPSO,0.4637438575508585,25,0.1279088000301271,416
9,29,202617,PSO,0.4894338520373546,25,0.1305997000308707,416
9,29,202617,GA,0.4821321343645779,25,0.1525726999389007,416
9,29,202617,ACO,0.4377364051075705,25,0.4378589000552892,416
9,29,202617,DE,0.5117837814527343,15,0.128244400024414,416
9,29,202618,IPSO,0.4717978188846672,25,0.1109452999662607,416
9,29,202618,PSO,0.4800405572193907,25,0.1266352999955415,416
9,29,202618,GA,0.4677693047827421,25,0.127779500093311,416
9,29,202618,ACO,0.4748162853049961,18,0.4343327999813482,416
9,29,202618,DE,0.5257598948354544,23,0.1451639999868348,416
9,29,202619,IPSO,0.4689671449074485,25,0.1277220000047236,416
9,29,202619,PSO,0.4758511460278093,25,0.1415495999390259,416
9,29,202619,GA,0.4459964151302225,24,0.1171717999968677,416
9,29,202619,ACO,0.4652380591987836,25,0.4637463999679312,416
9,29,202619,DE,0.5200340168058829,25,0.1515743000200018,416
9,29,202620,IPSO,0.4753774740298103,11,0.131102200015448,416
9,29,202620,PSO,0.4795506605783652,25,0.1277309000724926,416
9,29,202620,GA,0.4817638610030279,25,0.1153993000043556,416
9,29,202620,ACO,0.4317478770169611,24,0.4050850999774411,416
9,29,202620,DE,0.5286038728395065,24,0.1297679999843239,416
9,29,202621,IPSO,0.4746160951691565,25,0.1148820000234991,416
9,29,202621,PSO,0.5142810231208131,25,0.1119290998904034,416
9,29,202621,GA,0.439698362525798,25,0.0967245000647381,416
9,29,202621,ACO,0.4773849014390672,22,0.4310579999582842,416
9,29,202621,DE,0.5018500541445547,16,0.1538523000199347,416
9,29,202622,IPSO,0.4607171431441877,11,0.1353484999854117,416
9,29,202622,PSO,0.4707083066604514,25,0.1210322000551968,416
9,29,202622,GA,0.4772012267682401,24,0.1308149999240413,416
9,29,202622,ACO,0.4331462327174005,25,0.4830891999881714,416
9,29,202622,DE,0.5061178778597953,15,0.149133300059475,416
9,29,202623,IPSO,0.4739741491924037,19,0.1344355000182986,416
9,29,202623,PSO,0.4990710529383321,19,0.1258161999285221,416
9,29,202623,GA,0.4866414939389117,25,0.1358376999851316,416
9,29,202623,ACO,0.460503680084827,25,0.4468268000055104,416
9,29,202623,DE,0.5079998478838783,24,0.1482651999685913,416
9,29,202624,IPSO,0.4748506729597422,25,0.1338478000834584,416
9,29,202624,PSO,0.489471890445444,25,0.1312531000003218,416
9,29,202624,GA,0.4655996058839405,25,0.1406590000260621,416
9,29,202624,ACO,0.442826799391795,25,0.4544049999676645,416
9,29,202624,DE,0.5127478194457985,19,0.1521261999150738,416
9,29,202625,IPSO,0.4628339440379326,13,0.1377738999435678,416
9,29,202625,PSO,0.4981559750630988,25,0.1095063999528065,416
9,29,202625,GA,0.4646680374174363,25,0.1385005000047385,416
9,29,202625,ACO,0.4470374765960825,25,0.4573590001091361,416
9,29,202625,DE,0.5047848010988306,15,0.1518935000058263,416
9,29,202626,IPSO,0.458780654538468,25,0.1348639999050647,416
9,29,202626,PSO,0.4852143267439058,17,0.1364881999325007,416
9,29,202626,GA,0.4661286315727613,25,0.139638900058344,416
9,29,202626,ACO,0.4518489676247842,25,0.4443550000432879,416
9,29,202626,DE,0.5096389044487518,25,0.1524293000111356,416
9,29,202627,IPSO,0.4584894848414022,15,0.1204648000421002,416
9,29,202627,PSO,0.5095363642530527,17,0.1230295000132173,416
9,29,202627,GA,0.4799561327149582,23,0.142202999908477,416
9,29,202627,ACO,0.4575707461341914,19,0.4403856000863015,416
9,29,202627,DE,0.5217202809491234,13,0.1431987000396475,416
9,29,202628,IPSO,0.4579233448809434,25,0.1290462999604642,416
9,29,202628,PSO,0.4655986134810931,25,0.1335896999808028,416
9,29,202628,GA,0.4443937632055472,25,0.1469630000647157,416
9,29,202628,ACO,0.4643441619062964,25,0.4507587999105453,416
9,29,202628,DE,0.5118855853062736,13,0.1544957999140024,416
9,29,202629,IPSO,0.4712743150076456,14,0.1412063000025227,416
9,29,202629,PSO,0.4880825676538169,25,0.1380173999350518,416
9,29,202629,GA,0.4727647777159218,25,0.1367080999771133,416
9,29,202629,ACO,0.4517763283579617,19,0.4354649999877438,416
9,29,202629,DE,0.5067039189121783,20,0.1516278000781312,416
9,29,202630,IPSO,0.4684800436408426,12,0.1303983000107109,416
9,29,202630,PSO,0.4598099760448988,25,0.1219920999137684,416
9,29,202630,GA,0.4830556296851953,25,0.1352310999063775,416
9,29,202630,ACO,0.4549806743146744,24,0.4535574000328779,416
9,29,202630,DE,0.497942955541595,17,0.1681599000003188,416
10,31,202601,IPSO,0.4631436668955164,11,0.1404774999246001,416
10,31,202601,PSO,0.4820252070686671,25,0.1364615000784397,416
10,31,202601,GA,0.4418323744229773,25,0.2966830000514164,416
10,31,202601,ACO,0.4423693116996773,23,0.4418678000802174,416
10,31,202601,DE,0.4968184164281909,25,0.1493699999991804,416
10,31,202602,IPSO,0.4530080987635348,25,0.1543703000061214,416
10,31,202602,PSO,0.452573215644418,25,0.1771319999825209,416
10,31,202602,GA,0.4471297870197019,25,0.1258981999708339,416
10,31,202602,ACO,0.4639815182161375,25,0.4674114999361336,416
10,31,202602,DE,0.5147923085056884,13,0.1318433999549597,416
10,31,202603,IPSO,0.4651858819101979,11,0.1489482000470161,416
10,31,202603,PSO,0.4614572981214574,25,0.122099700034596,416
10,31,202603,GA,0.4365709396235379,25,0.1655333000235259,416
10,31,202603,ACO,0.4498023629441012,22,0.4539134999504313,416
10,31,202603,DE,0.491217808004411,16,0.1879204000579193,416
10,31,202604,IPSO,0.4579243949719438,25,0.1483830999350175,416
10,31,202604,PSO,0.4563207095407382,24,0.1608547000214457,416
10,31,202604,GA,0.4660742047377273,25,0.1850878000259399,416
10,31,202604,ACO,0.4538143090139288,19,0.4822024999884888,416
10,31,202604,DE,0.4977225086737702,14,0.2451037000864744,416
10,31,202605,IPSO,0.4717003688169222,25,0.1431920999893918,416
10,31,202605,PSO,0.4843750315600355,25,0.227717800065875,416
10,31,202605,GA,0.4779908485882657,25,0.0970441000536084,416
10,31,202605,ACO,0.4387361172203861,22,0.428351900074631,416
10,31,202605,DE,0.493372734694497,18,0.2099514999426901,416
10,31,202606,IPSO,0.4639904274985065,25,0.1797397000482306,416
10,31,202606,PSO,0.4674506623460521,25,0.1109418999403715,416
10,31,202606,GA,0.4640468776414146,25,0.1007971999933943,416
10,31,202606,ACO,0.4715528031894361,22,0.3422447999473661,416
10,31,202606,DE,0.4868703407858406,25,0.1044363999972119,416
10,31,202607,IPSO,0.4491113037097717,25,0.0922718000365421,416
10,31,202607,PSO,0.4849187503699864,25,0.1002155999885872,416
10,31,202607,GA,0.4576212504607451,25,0.1002402999438345,416
10,31,202607,ACO,0.4545873812837498,21,0.3720665000146255,416
10,31,202607,DE,0.4714211568048365,18,0.0893320000031963,416
10,31,202608,IPSO,0.4713163285777569,11,0.083527100039646,416
10,31,202608,PSO,0.4587538351344015,25,0.0821720999665558,416
10,31,202608,GA,0.4529696494914919,25,0.1004165000049397,416
10,31,202608,ACO,0.4595049264020728,25,0.3286657000426203,416
10,31,202608,DE,0.4913562610180452,12,0.1010838999645784,416
10,31,202609,IPSO,0.4654653149581493,25,0.0894051000941544,416
10,31,202609,PSO,0.4382625346435521,20,0.0788832000689581,416
10,31,202609,GA,0.4660091425707744,25,0.1282592000206932,416
10,31,202609,ACO,0.453046879018568,24,0.3169258000561967,416
10,31,202609,DE,0.4807059901551737,14,0.1033012999687343,416
10,31,202610,IPSO,0.4696136385109513,25,0.1020259000360965,416
10,31,202610,PSO,0.4615083462805864,25,0.1013716999441385,416
10,31,202610,GA,0.4598239894656453,25,0.0918510000919923,416
10,31,202610,ACO,0.4709125440650911,25,0.2917741000419482,416
10,31,202610,DE,0.4844271161228258,25,0.1284598000347614,416
10,31,202611,IPSO,0.4695222418015669,25,0.0906210000393912,416
10,31,202611,PSO,0.4609929982316096,23,0.0848166999639943,416
10,31,202611,GA,0.4273003125138135,25,0.0901797999395057,416
10,31,202611,ACO,0.439307438150533,25,0.2969763000728562,416
10,31,202611,DE,0.487898423010083,15,0.0871206000447273,416
10,31,202612,IPSO,0.4637076847200389,16,0.1030584999825805,416
10,31,202612,PSO,0.4844721558015469,23,0.0780692000407725,416
10,31,202612,GA,0.4596936537020497,25,0.0855910999234765,416
10,31,202612,ACO,0.4582071852245077,24,0.3145689000375569,416
10,31,202612,DE,0.4787125710938998,21,0.2001248000888154,416
10,31,202613,IPSO,0.46493376645764,25,0.1849679999286309,416
10,31,202613,PSO,0.4627860609919086,20,0.0941825000336393,416
10,31,202613,GA,0.4535279913798072,25,0.1947041000239551,416
10,31,202613,ACO,0.46582542240667,25,0.4283601000206545,416
10,31,202613,DE,0.49205712758241,15,0.0913827000185847,416
10,31,202614,IPSO,0.4641238789820107,23,0.0756033000070601,416
10,31,202614,PSO,0.4730430261937384,25,0.0823618000140413,416
10,31,202614,GA,0.4660461606153478,25,0.0881829001009464,416
10,31,202614,ACO,0.4427112455929546,25,0.5498359999619424,416
10,31,202614,DE,0.5048477239059774,17,0.2229855000041425,416
10,31,202615,IPSO,0.4623241228069097,25,0.0813300000736489,416
10,31,202615,PSO,0.4728840050500599,23,0.0823775000171735,416
10,31,202615,GA,0.4548807740413583,25,0.0917770999949425,416
10,31,202615,ACO,0.4603118170574664,20,0.3547875001095235,416
10,31,202615,DE,0.4497967156703309,24,0.1980103999376297,416
10,31,202616,IPSO,0.4536442477271569,11,0.2372962000081315,416
10,31,202616,PSO,0.4690441841830617,19,0.1142159999581053,416
10,31,202616,GA,0.4673605132980561,25,0.0873688999563455,416
10,31,202616,ACO,0.4661966025885426,18,0.3302127999486401,416
10,31,202616,DE,0.4825329158288601,14,0.0907362999860197,416
10,31,202617,IPSO,0.4598888526242841,25,0.0761918999487534,416
10,31,202617,PSO,0.4571062714108947,25,0.2035351999802515,416
10,31,202617,GA,0.4538947532931761,21,0.118091500014998,416
10,31,202617,ACO,0.4592359336411358,25,0.3488111000042408,416
10,31,202617,DE,0.4900378658867538,15,0.0974113999400287,416
10,31,202618,IPSO,0.4719855157523649,13,0.2604929000372067,416
10,31,202618,PSO,0.4692665093053391,16,0.1755786000285297,416
10,31,202618,GA,0.4669250331969908,25,0.2691447000252083,416
10,31,202618,ACO,0.4780339840339715,25,0.2953481000149622,416
10,31,202618,DE,0.4984723495129393,12,0.1500934999203309,416
10,31,202619,IPSO,0.4686030076075526,19,0.0882705000694841,416
10,31,202619,PSO,0.4921632821334762,25,0.0895379000576213,416
10,31,202619,GA,0.452961963540821,25,0.1781246999744326,416
10,31,202619,ACO,0.4231555505881823,24,0.4453580999979749,416
10,31,202619,DE,0.476798325508197,24,0.0888451000209897,416
10,31,202620,IPSO,0.4642093532096638,25,0.0786535000661388,416
10,31,202620,PSO,0.4581374284255294,25,0.0999492000555619,416
10,31,202620,GA,0.42069400742522,25,0.0952752999728545,416
10,31,202620,ACO,0.4531861347089582,22,0.294438699958846,416
10,31,202620,DE,0.4987335877415873,25,0.0999900999013334,416
10,31,202621,IPSO,0.464955958774635,25,0.0761181999696418,416
10,31,202621,PSO,0.4877099794335009,25,0.0759590999223291,416
10,31,202621,GA,0.4585873507577486,25,0.0929699999978765,416
10,31,202621,ACO,0.4565249699706339,18,0.3037443999201059,416
10,31,202621,DE,0.4791021253384478,24,0.0918448999291285,416
10,31,202622,IPSO,0.4718558157522221,25,0.0968536000000312,416
10,31,202622,PSO,0.4708521691318219,25,0.0730495000025257,416
10,31,202622,GA,0.4392889355933821,25,0.0885205999948084,416
10,31,202622,ACO,0.4663507766254989,25,0.3023056000238284,416
10,31,202622,DE,0.4617877562428124,18,0.1053396000061184,416
10,31,202623,IPSO,0.4553687680767602,25,0.0841302999760955,416
10,31,202623,PSO,0.4685628580862032,16,0.0883345999754965,416
10,31,202623,GA,0.4762638068248296,25,0.0842893000226467,416
10,31,202623,ACO,0.4215745241999382,21,0.3080286000622436,416
10,31,202623,DE,0.4909395025650569,25,0.1038507000776007,416
10,31,202624,IPSO,0.4690900899584768,21,0.0857191000832244,416
10,31,202624,PSO,0.4780116588315525,25,0.0814713999861851,416
10,31,202624,GA,0.4713292333795231,25,0.0848155999556183,416
10,31,202624,ACO,0.4620445562874888,25,0.3191092000342905,416
10,31,202624,DE,0.495041703897881,15,0.0919797000242397,416
10,31,202625,IPSO,0.4630482976785499,25,0.0858542999485507,416
10,31,202625,PSO,0.4782758362121456,25,0.0743493000045418,416
10,31,202625,GA,0.4486784880288846,25,0.0931189000839367,416
10,31,202625,ACO,0.4528471115498875,22,0.3246083999983966,416
10,31,202625,DE,0.4842272133035793,19,0.094888599938713,416
10,31,202626,IPSO,0.4646114933975818,13,0.0796444999286905,416
10,31,202626,PSO,0.4852533268019613,25,0.0816144000273197,416
10,31,202626,GA,0.4630095041377025,25,0.0902101999381557,416
10,31,202626,ACO,0.438847358417709,25,0.3023458999814465,416
10,31,202626,DE,0.4825842800588199,25,0.0934871999779716,416
10,31,202627,IPSO,0.4465404785676847,25,0.1552579998970031,416
10,31,202627,PSO,0.4738077054971101,25,0.2147506999317556,416
10,31,202627,GA,0.4548045755158045,25,0.1845442000776529,416
10,31,202627,ACO,0.4767334079270698,19,0.4177727000787854,416
10,31,202627,DE,0.4853553757679295,22,0.0863341999938711,416
10,31,202628,IPSO,0.4717517583711612,25,0.1980206000152975,416
10,31,202628,PSO,0.4978874399031732,25,0.1442349000135436,416
10,31,202628,GA,0.4605946035912897,19,0.096636600093916,416
10,31,202628,ACO,0.4532088377241431,21,0.5675807000370696,416
10,31,202628,DE,0.4966550976532268,13,0.0905196999665349,416
10,31,202629,IPSO,0.4409457207686063,25,0.0733237999957054,416
10,31,202629,PSO,0.4588592554065577,15,0.1267201999435201,416
10,31,202629,GA,0.4447149615391425,25,0.0903280999045819,416
10,31,202629,ACO,0.4390232760002132,25,0.473387400037609,416
10,31,202629,DE,0.4963541311668537,12,0.104135200032033,416
10,31,202630,IPSO,0.4411019287011875,25,0.0810962999239564,416
10,31,202630,PSO,0.4934302535264235,25,0.0767790999962017,416
10,31,202630,GA,0.4747316280913326,25,0.2372138000791892,416
10,31,202630,ACO,0.4581173180319859,25,0.7101287000114098,416
10,31,202630,DE,0.4858732240455742,17,0.0926142000826075,416
11,32,202601,IPSO,0.5037969763769851,18,0.0957262000301852,416
11,32,202601,PSO,0.5492967210488945,25,0.1087995000416413,416
11,32,202601,GA,0.4983835799891231,25,0.0818956999573856,416
11,32,202601,ACO,0.5015521118672532,25,0.3117397000314668,416
11,32,202601,DE,0.5510777346935047,22,0.2198175999801606,416
11,32,202602,IPSO,0.5052897974124936,11,0.1605906999902799,416
11,32,202602,PSO,0.5463477467769118,13,0.079849399975501,416
11,32,202602,GA,0.4985082293339838,25,0.0848821999970823,416
11,32,202602,ACO,0.5126246490026929,25,0.4157243999652564,416
11,32,202602,DE,0.5591608097258917,25,0.0880065000383183,416
11,32,202603,IPSO,0.4990878256020497,11,0.3163494999753311,416
11,32,202603,PSO,0.5248458298410261,16,0.1992200999520719,416
11,32,202603,GA,0.5096085450809504,25,0.0992302999366074,416
11,32,202603,ACO,0.514829888587278,15,0.3139924999559298,416
11,32,202603,DE,0.5653301492136218,12,0.1032304000109434,416
11,32,202604,IPSO,0.5287200157247985,16,0.0784412000793963,416
11,32,202604,PSO,0.5451075699155221,25,0.0815020999871194,416
11,32,202604,GA,0.4976839076285543,25,0.0917342000175267,416
11,32,202604,ACO,0.5117583542245084,15,0.3268040999537334,416
11,32,202604,DE,0.5433811214245403,21,0.168922399985604,416
11,32,202605,IPSO,0.5022145249637033,25,0.0792413000017404,416
11,32,202605,PSO,0.5244879763983817,25,0.0793718000641092,416
11,32,202605,GA,0.5100522964045167,25,0.102282700012438,416
11,32,202605,ACO,0.5383028037203955,15,0.3132582999533042,416
11,32,202605,DE,0.5325615272717591,12,0.1137650000164285,416
11,32,202606,IPSO,0.4967022611817298,11,0.0765064000152051,416
11,32,202606,PSO,0.5513496196237393,25,0.0892831000965088,416
11,32,202606,GA,0.4812124507003945,25,0.0872155000688508,416
11,32,202606,ACO,0.5120481624277468,23,0.2901510000228882,416
11,32,202606,DE,0.5426816443174973,25,0.09593589999713,416
11,32,202607,IPSO,0.499349708689092,18,0.0906281999778002,416
11,32,202607,PSO,0.5226176849291576,25,0.0897762000095099,416
11,32,202607,GA,0.5096921670725751,20,0.084045400028117,416
11,32,202607,ACO,0.5035741386618147,22,0.2865844999905675,416
11,32,202607,DE,0.5496601046381703,20,0.1624690000899136,416
11,32,202608,IPSO,0.5052897974124936,11,0.1558694000123068,416
11,32,202608,PSO,0.5471316685653529,25,0.0937340999953448,416
11,32,202608,GA,0.5010730064780475,25,0.0945780000183731,416
11,32,202608,ACO,0.5101309222118721,25,0.2821466999594122,416
11,32,202608,DE,0.5311186986561467,23,0.1056972000515088,416
11,32,202609,IPSO,0.5029452169317948,11,0.1191107999766245,416
11,32,202609,PSO,0.545529349534303,25,0.0822559999069199,416
11,32,202609,GA,0.5137937839628998,25,0.0921937000239268,416
11,32,202609,ACO,0.4833018876283285,25,0.3794561000540852,416
11,32,202609,DE,0.5422343853710936,20,0.1100199000211432,416
11,32,202610,IPSO,0.5163106005147186,11,0.0878697000443935,416
11,32,202610,PSO,0.5327030682877014,25,0.0894101000158116,416
11,32,202610,GA,0.5029075094506442,25,0.1172897999640554,416
11,32,202610,ACO,0.510387143884325,25,0.3165110000409186,416
11,32,202610,DE,0.5326986794516034,17,0.1143249999731779,416
11,32,202611,IPSO,0.5099693522587057,13,0.1017835999373346,416
11,32,202611,PSO,0.5267233330663653,25,0.3074893999146297,416
11,32,202611,GA,0.5019069130683893,25,0.0900271999416872,416
11,32,202611,ACO,0.5112625556884706,25,0.599099799990654,416
11,32,202611,DE,0.5550655967801137,23,0.1624322000425309,416
11,32,202612,IPSO,0.4959886665951225,25,0.1225078999996185,416
11,32,202612,PSO,0.4952485894425454,25,0.0949426000006496,416
11,32,202612,GA,0.5212292732854166,25,0.2139443999622017,416
11,32,202612,ACO,0.4786251564033812,25,0.5383612000150606,416
11,32,202612,DE,0.553356580299008,20,0.1218969000037759,416
11,32,202613,IPSO,0.495512473477926,25,0.1829323000274598,416
11,32,202613,PSO,0.5280557307354785,18,0.2049184999195858,416
11,32,202613,GA,0.4935189019058503,25,0.2276670000283047,416
11,32,202613,ACO,0.4890269222267859,25,0.3381720000179484,416
11,32,202613,DE,0.5328632674489043,22,0.2685251999646425,416
11,32,202614,IPSO,0.5131752534453602,19,0.1023288000142201,416
11,32,202614,PSO,0.5354518120087994,25,0.0800216000061482,416
11,32,202614,GA,0.5177610543755047,25,0.121717800037004,416
11,32,202614,ACO,0.4948894548068265,24,0.6210021999431774,416
11,32,202614,DE,0.5699415064942827,17,0.1166625999612733,416
11,32,202615,IPSO,0.5110552101200103,11,0.1384946000762283,416
11,32,202615,PSO,0.5258757020331699,25,0.1263280999846756,416
11,32,202615,GA,0.4878897157079501,25,0.0861500999890267,416
11,32,202615,ACO,0.5012996943194442,21,0.3293998000444844,416
11,32,202615,DE,0.5535729474412671,24,0.1324735999805852,416
11,32,202616,IPSO,0.5114295772649171,23,0.1014036999549716,416
11,32,202616,PSO,0.5559079209484017,25,0.1736693000420928,416
11,32,202616,GA,0.5138974516801249,25,0.1466993000358343,416
11,32,202616,ACO,0.518577447364579,24,0.3503301000455394,416
11,32,202616,DE,0.5365057219645596,21,0.2141012999927625,416
11,32,202617,IPSO,0.4949738462688635,25,0.1144624000880867,416
11,32,202617,PSO,0.5190900795817377,25,0.1586226000217721,416
11,32,202617,GA,0.4849316014719081,25,0.1310822999803349,416
11,32,202617,ACO,0.5140226036718175,25,0.4806323000229895,416
11,32,202617,DE,0.5403605415964429,17,0.1540013999911025,416
11,32,202618,IPSO,0.5099693522587057,25,0.1493753999238833,416
11,32,202618,PSO,0.482376516178427,25,0.1232807000633329,416
11,32,202618,GA,0.5142077545024534,25,0.1316337001044303,416
11,32,202618,ACO,0.5204437985897977,19,0.5237876999890432,416
11,32,202618,DE,0.5400434619774064,25,0.1561081999680027,416
11,32,202619,IPSO,0.5110568256461094,11,0.1361729999771341,416
11,32,202619,PSO,0.5156545986412278,25,0.1392189000034704,416
11,32,202619,GA,0.5107448178610193,22,0.1379822000162676,416
11,32,202619,ACO,0.5207255739324769,25,0.5031410999363288,416
11,32,202619,DE,0.553340664712392,11,0.1730749999405816,416
11,32,202620,IPSO,0.505769767835837,25,0.1366543000331148,416
11,32,202620,PSO,0.5629099495244424,25,0.1286705000093206,416
11,32,202620,GA,0.515880773770301,22,0.1440530000254511,416
11,32,202620,ACO,0.5307694621064669,24,0.4797022000420838,416
11,32,202620,DE,0.5465640522234015,11,0.1587220999645069,416
11,32,202621,IPSO,0.4994290764735805,22,0.1280627999221906,416
11,32,202621,PSO,0.5377819703816553,23,0.1188391000032424,416
11,32,202621,GA,0.4968206128411451,24,0.1136876000091433,416
11,32,202621,ACO,0.4961055808880908,25,0.530925799976103,416
11,32,202621,DE,0.5287722256996542,18,0.1680059999926015,416
11,32,202622,IPSO,0.5049685119770218,11,0.1307733999565243,416
11,32,202622,PSO,0.5398852694277302,25,0.1360874999081716,416
11,32,202622,GA,0.5149417117386933,25,0.1368807000108063,416
11,32,202622,ACO,0.5005962090528138,25,0.5876018999842927,416
11,32,202622,DE,0.5482194401386279,22,0.1652276000240817,416
11,32,202623,IPSO,0.4994620292153264,25,0.1752711000153795,416
11,32,202623,PSO,0.5515019952177873,25,0.1317020999267697,416
11,32,202623,GA,0.5205008081583794,25,0.1333926999941468,416
11,32,202623,ACO,0.522577902366097,25,0.5514765999978408,416
11,32,202623,DE,0.5426416186092576,25,0.1554642000701278,416
11,32,202624,IPSO,0.4959886665951225,25,0.1121206999523565,416
11,32,202624,PSO,0.5564709654907993,25,0.13703609991353,416
11,32,202624,GA,0.5068175891788133,25,0.1516382000409066,416
11,32,202624,ACO,0.5162142806570538,25,0.4679573000175878,416
11,32,202624,DE,0.523725314685076,25,0.1535885999910533,416
11,32,202625,IPSO,0.5160374146213854,11,0.1115458999993279,416
11,32,202625,PSO,0.5231695697314629,25,0.113580200006254,416
11,32,202625,GA,0.5164206581310772,25,0.1566432000836357,416
11,32,202625,ACO,0.5004050253803423,25,0.5270957000320777,416
11,32,202625,DE,0.5324206648383704,25,0.1914508000481873,416
11,32,202626,IPSO,0.503706212204017,11,0.1085356000112369,416
11,32,202626,PSO,0.5437030623521291,25,0.1299895999254658,416
11,32,202626,GA,0.4985994367592474,25,0.1364759000716731,416
11,32,202626,ACO,0.4863869450117283,24,0.5094230999238789,416
11,32,202626,DE,0.5509883401922381,21,0.1641566000180319,416
11,32,202627,IPSO,0.4911278780452184,11,0.1248465001117438,416
11,32,202627,PSO,0.5414266335779628,25,0.1209921000991016,416
11,32,202627,GA,0.5263059746401983,19,0.1326469000196084,416
11,32,202627,ACO,0.5199771022731926,25,0.4583205999806523,416
11,32,202627,DE,0.5426339601911679,25,0.1440109000541269,416
11,32,202628,IPSO,0.4994620292153264,11,0.1290831000078469,416
11,32,202628,PSO,0.5365360309245227,25,0.1240705999080091,416
11,32,202628,GA,0.5346991877598767,24,0.144237200031057,416
11,32,202628,ACO,0.504969207516937,18,0.4873739999020472,416
11,32,202628,DE,0.5631576248908304,18,0.1610889999428764,416
11,32,202629,IPSO,0.5178217165712196,11,0.1185976999113336,416
11,32,202629,PSO,0.5377459942740305,25,0.1343342999462038,416
11,32,202629,GA,0.5101073937278156,25,0.144581799977459,416
11,32,202629,ACO,0.5048680877750169,22,0.4628158999839797,416
11,32,202629,DE,0.5273826934279563,16,0.1510637000901624,416
11,32,202630,IPSO,0.5137820569610837,20,0.1384579999139532,416
11,32,202630,PSO,0.5290319756533457,25,0.131029300042428,416
11,32,202630,GA,0.5201015508172174,25,0.1741872000275179,416
11,32,202630,ACO,0.49973178236202,21,0.5551292999880388,416
11,32,202630,DE,0.5554013466858618,11,0.1581830999348312,416
12,34,202601,IPSO,0.4828656520336498,25,0.1272632000036537,416
12,34,202601,PSO,0.4963040944297433,25,0.1358768000500276,416
12,34,202601,GA,0.5019624667962451,25,0.1496966000413522,416
12,34,202601,ACO,0.4941650104285164,25,0.5192427999572828,416
12,34,202601,DE,0.5498643633836409,17,0.1527537000365555,416
12,34,202602,IPSO,0.4879269307294508,11,0.1348345000296831,416
12,34,202602,PSO,0.520206900584244,18,0.1307112999493256,416
12,34,202602,GA,0.5003049078908821,25,0.1472840000642463,416
12,34,202602,ACO,0.496314313220113,25,0.4943013000302017,416
12,34,202602,DE,0.5437004818173096,17,0.1639091999968513,416
12,34,202603,IPSO,0.4790900268975083,25,0.1431319999974221,416
12,34,202603,PSO,0.5015682252163617,23,0.1758958999998867,416
12,34,202603,GA,0.4936613833998639,25,0.1400017000269144,416
12,34,202603,ACO,0.4838132214425792,25,0.501428100047633,416
12,34,202603,DE,0.552861771627335,23,0.1438352999975904,416
12,34,202604,IPSO,0.4789958683840766,11,0.1450866999803111,416
12,34,202604,PSO,0.5165013300385823,19,0.1613956000655889,416
12,34,202604,GA,0.5043274686290776,25,0.1444520000368356,416
12,34,202604,ACO,0.4988644779575699,23,0.5193435000255704,416
12,34,202604,DE,0.516024169711583,25,0.1611659000627696,416
12,34,202605,IPSO,0.4814071558313882,11,0.158510300097987,416
12,34,202605,PSO,0.542878413943116,25,0.1302149000111967,416
12,34,202605,GA,0.4929292830113092,25,0.1429719000589102,416
12,34,202605,ACO,0.5002129635860667,25,0.4464125001104548,416
12,34,202605,DE,0.5268689258598748,15,0.1543200999731198,416
12,34,202606,IPSO,0.4786074387034301,25,0.1133691000286489,416
12,34,202606,PSO,0.5094943341933933,25,0.1195960999466478,416
12,34,202606,GA,0.4897296268861352,25,0.1629016000078991,416
12,34,202606,ACO,0.4666647917407941,25,0.5325074999127537,416
12,34,202606,DE,0.5344441213769118,18,0.1439488000469282,416
12,34,202607,IPSO,0.4789118295716282,20,0.1056440999964252,416
12,34,202607,PSO,0.5078130583880595,25,0.1329423000570386,416
12,34,202607,GA,0.4806587587969253,25,0.1451638999860733,416
12,34,202607,ACO,0.5204389180158306,20,0.5009170999983326,416
12,34,202607,DE,0.5188503757063162,21,0.1608406999148428,416
12,34,202608,IPSO,0.4706003654374087,12,0.1356153000378981,416
12,34,202608,PSO,0.540301759882369,25,0.1314310999587178,416
12,34,202608,GA,0.5235057415704044,25,0.1518928000004962,416
12,34,202608,ACO,0.4933789569021556,25,0.5304903000360355,416
12,34,202608,DE,0.5342684476622838,17,0.1626782000530511,416
12,34,202609,IPSO,0.4758444943206891,13,0.1304656999418512,416
12,34,202609,PSO,0.5033657003079688,25,0.1398250000784173,416
12,34,202609,GA,0.4928376154984942,25,0.1586149999639019,416
12,34,202609,ACO,0.4909975535105422,25,0.5231339000165462,416
12,34,202609,DE,0.5489202380451808,22,0.1684862999245524,416
12,34,202610,IPSO,0.4946354613764997,24,0.1369255000026896,416
12,34,202610,PSO,0.5291925330706228,23,0.1433578999713063,416
12,34,202610,GA,0.479656095961944,25,0.1585930000292137,416
12,34,202610,ACO,0.5004415691271735,22,0.530806599999778,416
12,34,202610,DE,0.5032589115532075,17,0.1726377999875694,416
12,34,202611,IPSO,0.4714852749178458,18,0.1471451999386772,416
12,34,202611,PSO,0.5296074663325605,25,0.1563940000487491,416
12,34,202611,GA,0.502060106727295,25,0.1581009000074118,416
12,34,202611,ACO,0.4900819081212255,25,0.5336882000556216,416
12,34,202611,DE,0.542695671941549,25,0.1595024999696761,416
12,34,202612,IPSO,0.5037220228945766,11,0.1368538000388071,416
12,34,202612,PSO,0.5217407063648852,25,0.1429270999506116,416
12,34,202612,GA,0.5250175892159304,21,0.1511703999713063,416
12,34,202612,ACO,0.508055160751272,25,0.5383888999931514,416
12,34,202612,DE,0.5519250225327099,14,0.1561051000608131,416
12,34,202613,IPSO,0.4575073361764009,25,0.1386634999653324,416
12,34,202613,PSO,0.5235094734619232,25,0.1398942000232637,416
12,34,202613,GA,0.4910962077471263,25,0.1543648999650031,416
12,34,202613,ACO,0.4919893248474995,22,0.6087490000063553,416
12,34,202613,DE,0.56307637067987,12,0.1477671000175178,416
12,34,202614,IPSO,0.499761892541366,25,0.1957795000635087,416
12,34,202614,PSO,0.4918720289869628,13,0.1300011998973786,416
12,34,202614,GA,0.4789093657873372,25,0.1672213999554515,416
12,34,202614,ACO,0.4924165227549621,25,0.5442731999792159,416
12,34,202614,DE,0.5294915454737528,25,0.1878661999944597,416
12,34,202615,IPSO,0.4762098696689212,25,0.1476376000791788,416
12,34,202615,PSO,0.5217111537178734,25,0.1633239999646321,416
12,34,202615,GA,0.5179510828185208,25,0.1625411000568419,416
12,34,202615,ACO,0.4789761950201162,25,0.5857694000005722,416
12,34,202615,DE,0.5380732628311343,17,0.1681425999850034,416
12,34,202616,IPSO,0.4997540827935987,25,0.1446365999290719,416
12,34,202616,PSO,0.5192445949051484,25,0.141489699948579,416
12,34,202616,GA,0.4993515988053824,25,0.160114899976179,416
12,34,202616,ACO,0.4697686836871364,21,0.5515466000651941,416
12,34,202616,DE,0.5412044031094223,25,0.1752787999575957,416
12,34,202617,IPSO,0.4771841706532695,25,0.1412883000448346,416
12,34,202617,PSO,0.5315430384492029,18,0.1517589999129995,416
12,34,202617,GA,0.4977614711185723,25,0.1588774999836459,416
12,34,202617,ACO,0.4869206246520148,25,0.6919076999183744,416
12,34,202617,DE,0.5536742105727521,15,0.2660879999166354,416
12,34,202618,IPSO,0.4872949079760714,12,0.1431756000965833,416
12,34,202618,PSO,0.546962148110072,25,0.1626494999509304,416
12,34,202618,GA,0.5010938257697696,25,0.1456014999421313,416
12,34,202618,ACO,0.4841830414459754,25,0.6058123999973759,416
12,34,202618,DE,0.5317131788969521,19,0.171872999984771,416
12,34,202619,IPSO,0.482998568771053,25,0.1697965000057593,416
12,34,202619,PSO,0.5215003173039815,23,0.1283619999885559,416
12,34,202619,GA,0.511336365723869,25,0.1639204999664798,416
12,34,202619,ACO,0.4972318102594972,20,0.6115423999726772,416
12,34,202619,DE,0.5326218099412281,25,0.1932906999718397,416
12,34,202620,IPSO,0.4868067814575554,25,0.1313148000044748,416
12,34,202620,PSO,0.5277251985280882,25,0.1749803000129759,416
12,34,202620,GA,0.5023404226764544,25,0.1582424000371247,416
12,34,202620,ACO,0.5101958475525766,21,0.7814681000309065,416
12,34,202620,DE,0.5597193790975948,25,0.1684649999951943,416
12,34,202621,IPSO,0.4777923613708552,25,0.1333918999880552,416
12,34,202621,PSO,0.5323572174492276,25,0.1596846999600529,416
12,34,202621,GA,0.5193873124689766,25,0.2345605000155046,416
12,34,202621,ACO,0.4949007365720901,25,0.6207262000534683,416
12,34,202621,DE,0.5426322670552528,13,0.1756473999703303,416
12,34,202622,IPSO,0.4828992213417493,25,0.1221732000121846,416
12,34,202622,PSO,0.5143335522628839,14,0.1626980000874027,416
12,34,202622,GA,0.4892541513096979,25,0.1268605999648571,416
12,34,202622,ACO,0.4850992658370437,25,0.560794800054282,416
12,34,202622,DE,0.5325212287787159,17,0.1491068000905215,416
12,34,202623,IPSO,0.4615466447605048,25,0.1692725999746471,416
12,34,202623,PSO,0.5169754531102247,25,0.1514566000550985,416
12,34,202623,GA,0.4864668960001776,25,0.1541009999345988,416
12,34,202623,ACO,0.4859050331022232,25,0.531982299988158,416
12,34,202623,DE,0.5425013779343223,17,0.1567439000355079,416
12,34,202624,IPSO,0.4889252057920618,25,0.138357000076212,416
12,34,202624,PSO,0.5246608195269106,16,0.1791741999331861,416
12,34,202624,GA,0.5131059447201559,25,0.2034693999448791,416
12,34,202624,ACO,0.5030743973433083,21,0.6649233000352979,416
12,34,202624,DE,0.5487509951281205,25,0.1750830000964924,416
12,34,202625,IPSO,0.4886537641249792,25,0.1635153000243008,416
12,34,202625,PSO,0.5066141014775665,25,0.1534121000440791,416
12,34,202625,GA,0.4856825277144569,24,0.155005499953404,416
12,34,202625,ACO,0.5013682018939831,25,0.580695700016804,416
12,34,202625,DE,0.5336579031719515,25,0.1816443999996408,416
12,34,202626,IPSO,0.4775207442435087,25,0.1836736000841483,416
12,34,202626,PSO,0.5089045192885511,25,0.1631483000237494,416
12,34,202626,GA,0.4966848521914753,25,0.1610558000393211,416
12,34,202626,ACO,0.5063733711415757,25,0.595832800026983,416
12,34,202626,DE,0.5350599311585513,12,0.1650688999798149,416
12,34,202627,IPSO,0.5106945150872643,13,0.2066984999692067,416
12,34,202627,PSO,0.5231672727067292,25,0.1515306000364944,416
12,34,202627,GA,0.5033823757656867,25,0.2067490000044927,416
12,34,202627,ACO,0.523057567470401,25,0.6854102000361308,416
12,34,202627,DE,0.5420873317900723,25,0.1940259999828413,416
12,34,202628,IPSO,0.48314123840224,14,0.1763066999847069,416
12,34,202628,PSO,0.5204172959911316,25,0.144920099992305,416
12,34,202628,GA,0.505672927466644,17,0.1811010000528767,416
12,34,202628,ACO,0.4790079562525552,25,0.6196675000246614,416
12,34,202628,DE,0.5317841920547165,25,0.1877125999890267,416
12,34,202629,IPSO,0.4730503441028184,11,0.1688710000598803,416
12,34,202629,PSO,0.5343114491551686,15,0.1474772000219673,416
12,34,202629,GA,0.4751888294074494,25,0.1478062999667599,416
12,34,202629,ACO,0.491130324823988,25,0.5683959999587387,416
12,34,202629,DE,0.5285224165344109,14,0.2137199999997392,416
12,34,202630,IPSO,0.4851416808232416,16,0.2091501998947933,416
12,34,202630,PSO,0.5188303392190541,25,0.1907462000381201,416
12,34,202630,GA,0.5042155493729206,14,0.1506707000080496,416
12,34,202630,ACO,0.4887875106895549,24,0.5654366000089794,416
12,34,202630,DE,0.5388929134606131,18,0.2458030000561848,416
13,35,202601,IPSO,0.4988896322349397,22,0.2250975000206381,416
13,35,202601,PSO,0.5493908636735706,16,0.1439834999619051,416
13,35,202601,GA,0.4792294830231665,25,0.1793069000123068,416
13,35,202601,ACO,0.4817975246175069,23,0.5200586999999359,416
13,35,202601,DE,0.5445117381362241,19,0.1666174000129103,416
13,35,202602,IPSO,0.5042438256930543,25,0.1326862000860273,416
13,35,202602,PSO,0.5415539349176598,25,0.1395615999354049,416
13,35,202602,GA,0.5294628448521221,25,0.1315251999767497,416
13,35,202602,ACO,0.497684046517318,22,0.4925190999638289,416
13,35,202602,DE,0.542425519424263,15,0.1269511999562382,416
13,35,202603,IPSO,0.512356412000146,11,0.1339051000541076,416
13,35,202603,PSO,0.5274823024722044,25,0.1240041999844834,416
13,35,202603,GA,0.5035982601638572,25,0.1479140999726951,416
13,35,202603,ACO,0.4792558041223042,25,0.5132663999684155,416
13,35,202603,DE,0.5614736341545365,14,0.1743778999662026,416
13,35,202604,IPSO,0.4992281472503066,11,0.1430283999070525,416
13,35,202604,PSO,0.5288486178398515,25,0.1441276000114157,416
13,35,202604,GA,0.5344645715494243,25,0.1598489000461995,416
13,35,202604,ACO,0.5121430146903226,25,0.5123504999792203,416
13,35,202604,DE,0.552959303768702,25,0.1564535000361502,416
13,35,202605,IPSO,0.512356412000146,11,0.1220569999422878,416
13,35,202605,PSO,0.544855361591714,25,0.1371340999612584,416
13,35,202605,GA,0.5232236366211687,25,0.1519831999903544,416
13,35,202605,ACO,0.5001523042380975,25,0.5034054999705404,416
13,35,202605,DE,0.5606355054242448,25,0.1508325999602675,416
13,35,202606,IPSO,0.5007072822073936,12,0.1307146000908687,416
13,35,202606,PSO,0.5332929752535734,23,0.1259897999698296,416
13,35,202606,GA,0.4953829439999692,25,0.1460903999395668,416
13,35,202606,ACO,0.4983705006677837,21,0.5358717999188229,416
13,35,202606,DE,0.5709715726816705,17,0.1528796000638976,416
13,35,202607,IPSO,0.5106208815228732,11,0.1512846000259742,416
13,35,202607,PSO,0.5234845981892481,20,0.1576770000392571,416
13,35,202607,GA,0.5195845593285817,25,0.1683539999648928,416
13,35,202607,ACO,0.4845516316852642,24,0.5500955000752583,416
13,35,202607,DE,0.5646298631882934,13,0.1586241000331938,416
13,35,202608,IPSO,0.4999743445371736,25,0.1372418000828474,416
13,35,202608,PSO,0.5270922753141395,25,0.1318252000492066,416
13,35,202608,GA,0.5079372406587711,25,0.1472618000116199,416
13,35,202608,ACO,0.4865141517927498,25,0.5921853999607265,416
13,35,202608,DE,0.5739206353149949,21,0.1763909999281168,416
13,35,202609,IPSO,0.5078483445325218,11,0.1329188999952748,416
13,35,202609,PSO,0.5317811673090469,25,0.1417697999859228,416
13,35,202609,GA,0.5074350406101314,25,0.1372753999894485,416
13,35,202609,ACO,0.5163484400182694,25,0.5281525000464171,416
13,35,202609,DE,0.5488917585884716,17,0.1652913000434637,416
13,35,202610,IPSO,0.4889570625075484,13,0.1382346999598667,416
13,35,202610,PSO,0.5406473465062344,25,0.1408531999913975,416
13,35,202610,GA,0.5064026825428011,25,0.1424378000665456,416
13,35,202610,ACO,0.5147543006129365,17,0.5577091999584809,416
13,35,202610,DE,0.5508568910344873,12,0.1516752999741584,416
13,35,202611,IPSO,0.4838311658238248,19,0.1439325000392273,416
13,35,202611,PSO,0.5241335587996385,25,0.1462705000303685,416
13,35,202611,GA,0.4664047517302847,25,0.1534718000330031,416
13,35,202611,ACO,0.498092406749359,24,0.5257256999611855,416
13,35,202611,DE,0.5402202005298972,13,0.1576271000085398,416
13,35,202612,IPSO,0.4926800317519251,25,0.1305918999714777,416
13,35,202612,PSO,0.5322096216163107,25,0.1277127999346703,416
13,35,202612,GA,0.499769896587419,24,0.1712882000720128,416
13,35,202612,ACO,0.4816781534860341,24,0.6129931000759825,416
13,35,202612,DE,0.5735554630194951,20,0.2059837999986484,416
13,35,202613,IPSO,0.512356412000146,11,0.2536726000253111,416
13,35,202613,PSO,0.5184121225398285,25,0.1476136998971924,416
13,35,202613,GA,0.5009314013223966,25,0.1591155000496655,416
13,35,202613,ACO,0.5057128865902485,25,0.6215556999668479,416
13,35,202613,DE,0.5395318471275824,14,0.1591149000450968,416
13,35,202614,IPSO,0.4957220403164636,25,0.1405928999884054,416
13,35,202614,PSO,0.5300313933613394,25,0.130845799925737,416
13,35,202614,GA,0.5097199436389609,25,0.1681337000336498,416
13,35,202614,ACO,0.4826696010575386,25,0.5321891999337822,416
13,35,202614,DE,0.5539040349229971,15,0.1703586000949144,416
13,35,202615,IPSO,0.4903198203356598,11,0.1383008999982848,416
13,35,202615,PSO,0.5430534887589555,25,0.1236385999945923,416
13,35,202615,GA,0.5060278538292173,25,0.1547258999198675,416
13,35,202615,ACO,0.492995684072728,25,0.5194590000901371,416
13,35,202615,DE,0.5625736727999211,13,0.1617814999772235,416
13,35,202616,IPSO,0.4993492927102809,11,0.1503680000314489,416
13,35,202616,PSO,0.557337528363393,25,0.1333301999839022,416
13,35,202616,GA,0.4948813560133487,25,0.1424581999890506,416
13,35,202616,ACO,0.4939354499852322,25,0.5267412000102922,416
13,35,202616,DE,0.5435737397560139,25,0.1607414000900462,416
13,35,202617,IPSO,0.50088872787952,13,0.1547555000288412,416
13,35,202617,PSO,0.5110836354974181,21,0.1419675999786704,416
13,35,202617,GA,0.5108717439226089,25,0.1579000999918207,416
13,35,202617,ACO,0.4824460871989921,25,0.5295695000095293,416
13,35,202617,DE,0.5699836610230467,25,0.1551805000053718,416
13,35,202618,IPSO,0.4911163792034307,15,0.1417275000130757,416
13,35,202618,PSO,0.5368862340652679,25,0.1248460999922826,416
13,35,202618,GA,0.5047024042022719,25,0.141911199898459,416
13,35,202618,ACO,0.4818894221453256,25,0.5111851999536157,416
13,35,202618,DE,0.5213186597252271,17,0.154845800017938,416
13,35,202619,IPSO,0.512356412000146,11,0.1230672999517992,416
13,35,202619,PSO,0.5233351140968617,17,0.1367752000223845,416
13,35,202619,GA,0.4983836373784565,25,0.1138898000353947,416
13,35,202619,ACO,0.5146820038337562,25,0.5004415999865159,416
13,35,202619,DE,0.5669034110718627,14,0.1467548999935388,416
13,35,202620,IPSO,0.4841262742511671,25,0.1403908000793308,416
13,35,202620,PSO,0.541269395807171,25,0.1451449999585747,416
13,35,202620,GA,0.493276540629507,23,0.1439382000826299,416
13,35,202620,ACO,0.4768337864857608,25,0.5414418999571353,416
13,35,202620,DE,0.5326158471456126,20,0.1677907999837771,416
13,35,202621,IPSO,0.5048382279933652,12,0.1355978000210598,416
13,35,202621,PSO,0.5438828781249425,25,0.1336289999308064,416
13,35,202621,GA,0.5015452841176222,25,0.1533053000457584,416
13,35,202621,ACO,0.4989514612123393,25,0.4745049000484869,416
13,35,202621,DE,0.5505895540220003,19,0.1518286999780684,416
13,35,202622,IPSO,0.4911163792034307,11,0.133488499908708,416
13,35,202622,PSO,0.5333695272198824,25,0.125990999978967,416
13,35,202622,GA,0.5171536210931145,25,0.1402572999941185,416
13,35,202622,ACO,0.4740612381814457,25,0.5215820000739768,416
13,35,202622,DE,0.5600886042932292,23,0.1586683000205084,416
13,35,202623,IPSO,0.5038375783314858,11,0.1491659999592229,416
13,35,202623,PSO,0.5422731755679876,25,0.1388232000172138,416
13,35,202623,GA,0.5075480791707724,25,0.1499264000449329,416
13,35,202623,ACO,0.4734101770293982,25,0.5337939000455663,416
13,35,202623,DE,0.5736795699273655,25,0.1566034000134095,416
13,35,202624,IPSO,0.512356412000146,11,0.1308139999164268,416
13,35,202624,PSO,0.5257826232710928,25,0.1311829999322071,416
13,35,202624,GA,0.479744514764423,25,0.1286103999009356,416
13,35,202624,ACO,0.4806631326693875,15,0.5256892000325024,416
13,35,202624,DE,0.5520570892713351,18,0.1621395000256598,416
13,35,202625,IPSO,0.5114380395329738,11,0.1322330000111833,416
13,35,202625,PSO,0.5192237981128753,24,0.136656800052151,416
13,35,202625,GA,0.4945984585490113,25,0.1403971000108868,416
13,35,202625,ACO,0.4854207936888907,25,0.5745089000556618,416
13,35,202625,DE,0.5600365833974011,25,0.1640940000070259,416
13,35,202626,IPSO,0.4861128227790728,25,0.1463417999912053,416
13,35,202626,PSO,0.5168171019518998,25,0.1728865000186488,416
13,35,202626,GA,0.5077098391351786,25,0.1713210999732837,416
13,35,202626,ACO,0.5054805664161791,19,0.552274200017564,416
13,35,202626,DE,0.5525577857007128,24,0.1619676999980583,416
13,35,202627,IPSO,0.512356412000146,11,0.1338306999532506,416
13,35,202627,PSO,0.5245606229152895,25,0.1464414000511169,416
13,35,202627,GA,0.501668171343561,25,0.1353324999799952,416
13,35,202627,ACO,0.4764587305976163,24,0.5337310000322759,416
13,35,202627,DE,0.553369502474924,25,0.1512359000043943,416
13,35,202628,IPSO,0.4948582045376267,25,0.1336246998980641,416
13,35,202628,PSO,0.5358995468302683,25,0.1167785000288859,416
13,35,202628,GA,0.5211059383453849,25,0.1169983999570831,416
13,35,202628,ACO,0.4942450439062149,23,0.4547495000297203,416
13,35,202628,DE,0.5582700767419947,25,0.1537176000420004,416
13,35,202629,IPSO,0.500612157182359,11,0.1406680999789387,416
13,35,202629,PSO,0.5513130869469004,20,0.1276706999633461,416
13,35,202629,GA,0.5063765285729727,25,0.1437650000443682,416
13,35,202629,ACO,0.4780388669511941,25,0.5286232000216842,416
13,35,202629,DE,0.5293968537658074,16,0.1571909000631421,416
13,35,202630,IPSO,0.505444569484114,11,0.1291163000278175,416
13,35,202630,PSO,0.51005232090594,25,0.1238883999176323,416
13,35,202630,GA,0.4998985900898249,22,0.1418542000465095,416
13,35,202630,ACO,0.5033814050914487,20,0.5092399000423029,416
13,35,202630,DE,0.5735647744378292,25,0.1601270999526605,416
14,37,202601,IPSO,0.5320259157899168,25,0.1395426000235602,416
14,37,202601,PSO,0.5610041265344694,19,0.1297946000704541,416
14,37,202601,GA,0.5591350696141358,25,0.1466687999200076,416
14,37,202601,ACO,0.5320557695502702,22,0.5121881000231951,416
14,37,202601,DE,0.5844292858615396,21,0.1660861999262124,416
14,37,202602,IPSO,0.5424583227391292,25,0.142257499974221,416
14,37,202602,PSO,0.5593503481799975,25,0.1347044000867754,416
14,37,202602,GA,0.5222922421651844,25,0.1483911999966949,416
14,37,202602,ACO,0.5217228226937033,25,0.5447489999933168,416
14,37,202602,DE,0.5919166140568023,12,0.1664345000172034,416
14,37,202603,IPSO,0.531313425761518,11,0.1394243000540882,416
14,37,202603,PSO,0.5488743089400128,25,0.1105793000897392,416
14,37,202603,GA,0.5524672831764195,25,0.1358821999747306,416
14,37,202603,ACO,0.5491687924892732,25,0.5210516999941319,416
14,37,202603,DE,0.6036921984546337,12,0.1467245999956503,416
14,37,202604,IPSO,0.5342684870591564,11,0.1241090999683365,416
14,37,202604,PSO,0.5601744210771286,25,0.1447306000627577,416
14,37,202604,GA,0.5322982455455295,25,0.1331717999419197,416
14,37,202604,ACO,0.5262586623949496,25,0.5585870000068098,416
14,37,202604,DE,0.5958935639196765,12,0.1615065999794751,416
14,37,202605,IPSO,0.5167877181389497,11,0.1486639999784529,416
14,37,202605,PSO,0.5890881101759071,25,0.1404921999201178,416
14,37,202605,GA,0.5503096912219316,21,0.15437539992854,416
14,37,202605,ACO,0.5509085159728229,22,0.5382521999999881,416
14,37,202605,DE,0.5859538148752147,13,0.1574962999438867,416
14,37,202606,IPSO,0.5370923520353665,11,0.1529387000482529,416
14,37,202606,PSO,0.5962072821075192,25,0.1435025000246241,416
14,37,202606,GA,0.5344527398239831,25,0.1499851000262424,416
14,37,202606,ACO,0.5031512578695547,25,0.5190336001105607,416
14,37,202606,DE,0.5629457993481575,20,0.1610243000322953,416
14,37,202607,IPSO,0.530651031148879,11,0.1493765000486746,416
14,37,202607,PSO,0.576461353343408,21,0.1434521999908611,416
14,37,202607,GA,0.5292217531169301,25,0.1554375999839976,416
14,37,202607,ACO,0.5447045487809304,22,0.5256554000079632,416
14,37,202607,DE,0.5904032028200699,19,0.171682299929671,416
14,37,202608,IPSO,0.5382576715701917,25,0.1370345999021083,416
14,37,202608,PSO,0.5700794152975909,15,0.1300639000255614,416
14,37,202608,GA,0.5445216058313436,25,0.1475853000301867,416
14,37,202608,ACO,0.5344342070803324,25,0.6062348000705242,416
14,37,202608,DE,0.5863316922027703,18,0.1484962000977248,416
14,37,202609,IPSO,0.5372449306445877,17,0.144090799964033,416
14,37,202609,PSO,0.5639002711355536,25,0.1392809000099077,416
14,37,202609,GA,0.545768255481005,25,0.1752521999878808,416
14,37,202609,ACO,0.516854469106095,25,0.5857513000955805,416
14,37,202609,DE,0.5704912788473266,25,0.1660137999569997,416
14,37,202610,IPSO,0.5305387688807812,25,0.1300569000886753,416
14,37,202610,PSO,0.5876928480796004,18,0.1431218999205157,416
14,37,202610,GA,0.5358421773210763,25,0.1522650000406429,416
14,37,202610,ACO,0.5497073535354046,25,0.5649725999683142,416
14,37,202610,DE,0.5708324528208143,20,0.1607425999827683,416
14,37,202611,IPSO,0.5178190942255737,18,0.1291741000022739,416
14,37,202611,PSO,0.5739898137150539,13,0.1468049999093637,416
14,37,202611,GA,0.5282880947217345,24,0.1490365000208839,416
14,37,202611,ACO,0.5010086562482573,25,0.5604001999599859,416
14,37,202611,DE,0.5912335992911258,25,0.1571348999859765,416
14,37,202612,IPSO,0.5343606132980815,14,0.1344531000358984,416
14,37,202612,PSO,0.566048703733596,25,0.131978900055401,416
14,37,202612,GA,0.558333669879782,18,0.1549748000688851,416
14,37,202612,ACO,0.5417382299608903,25,0.5845381999388337,416
14,37,202612,DE,0.5825750742616327,15,0.1596999999601394,416
14,37,202613,IPSO,0.5322960536051112,25,0.1473737999331206,416
14,37,202613,PSO,0.5687841497073025,25,0.1406194999581203,416
14,37,202613,GA,0.535402719816595,25,0.1514193000039085,416
14,37,202613,ACO,0.5148391717441724,25,0.5642739000031725,416
14,37,202613,DE,0.5866332236072915,25,0.1569153000600636,416
14,37,202614,IPSO,0.5301192031511823,11,0.1428387999767437,416
14,37,202614,PSO,0.5724606261854145,25,0.1501326999859884,416
14,37,202614,GA,0.5231466782244933,25,0.1470175000140443,416
14,37,202614,ACO,0.5113035600107896,23,0.5536887999624014,416
14,37,202614,DE,0.5826149582254097,13,0.159002500004135,416
14,37,202615,IPSO,0.5312837982258825,25,0.1348952000262215,416
14,37,202615,PSO,0.5545480999477486,25,0.1415834999643266,416
14,37,202615,GA,0.5377866264388632,25,0.151593399932608,416
14,37,202615,ACO,0.5312734201652365,19,0.5446135000092909,416
14,37,202615,DE,0.5855954386493862,19,0.1758176999865099,416
14,37,202616,IPSO,0.5311500789258263,15,0.1614152999827638,416
14,37,202616,PSO,0.5690770589633195,25,0.156700300052762,416
14,37,202616,GA,0.5325396001521877,25,0.148425200022757,416
14,37,202616,ACO,0.5249431935521424,25,0.5562295999843627,416
14,37,202616,DE,0.5767808825662389,16,0.1681492999196052,416
14,37,202617,IPSO,0.5442300343385068,13,0.1426518999505788,416
14,37,202617,PSO,0.5736811227710784,25,0.1362122000427916,416
14,37,202617,GA,0.5449616788434225,25,0.1535847999621182,416
14,37,202617,ACO,0.5377787149195716,23,0.5660923999967054,416
14,37,202617,DE,0.5748172550695297,25,0.1643524999963119,416
14,37,202618,IPSO,0.5429516306564618,25,0.1353681000182405,416
14,37,202618,PSO,0.569309418811908,25,0.136663099983707,416
14,37,202618,GA,0.5354382429902022,25,0.1613749999087304,416
14,37,202618,ACO,0.5391425947459159,24,0.5579821000574157,416
14,37,202618,DE,0.5826620409371347,11,0.1549684000201523,416
14,37,202619,IPSO,0.5353743728305954,11,0.1277094999095425,416
14,37,202619,PSO,0.5940843116641115,24,0.1390456000808626,416
14,37,202619,GA,0.5069366360264973,25,0.1552189999492839,416
14,37,202619,ACO,0.5152159953184926,25,0.5833273999160156,416
14,37,202619,DE,0.5808244438532384,14,0.1569058999884873,416
14,37,202620,IPSO,0.528157020083889,19,0.1469350999686867,416
14,37,202620,PSO,0.5896236700260725,25,0.140830900054425,416
14,37,202620,GA,0.5608233559255301,25,0.1453986999113112,416
14,37,202620,ACO,0.5400497774803782,25,0.5522960000671446,416
14,37,202620,DE,0.6041319908945423,25,0.1524401000933721,416
14,37,202621,IPSO,0.5332693147446156,11,0.1600434000138193,416
14,37,202621,PSO,0.5344968135540012,25,0.1393547999905422,416
14,37,202621,GA,0.5585770441555015,22,0.1479630999965593,416
14,37,202621,ACO,0.5313873708249207,25,0.5511649999534711,416
14,37,202621,DE,0.5869752543621206,18,0.1603415000718087,416
14,37,202622,IPSO,0.5368547493196196,14,0.1335794000187888,416
14,37,202622,PSO,0.5664923486040496,25,0.1362886999268084,416
14,37,202622,GA,0.5275485748599357,25,0.1558050999883562,416
14,37,202622,ACO,0.5090234166585365,25,0.5699894999852404,416
14,37,202622,DE,0.5852444151182367,18,0.1671518000075593,416
14,37,202623,IPSO,0.5299488176302697,11,0.1539246999891474,416
14,37,202623,PSO,0.5522491208205238,25,0.1382773000514134,416
14,37,202623,GA,0.5443389598045891,25,0.1630559000186622,416
14,37,202623,ACO,0.563088451973381,13,0.5821892999811098,416
14,37,202623,DE,0.5959036429311224,12,0.1641973999794572,416
14,37,202624,IPSO,0.5380690887475127,11,0.1438151999609545,416
14,37,202624,PSO,0.5706132806597418,25,0.1445840999949723,416
14,37,202624,GA,0.5306944172936867,25,0.1480868000071495,416
14,37,202624,ACO,0.5323545291055485,25,0.5547101000556722,416
14,37,202624,DE,0.5959489114479908,18,0.1603866999503225,416
14,37,202625,IPSO,0.531313425761518,11,0.1362444999394938,416
14,37,202625,PSO,0.5604635187718671,25,0.138479100074619,416
14,37,202625,GA,0.5387943160450541,25,0.158145900000818,416
14,37,202625,ACO,0.5563941925921587,22,0.5502467999467626,416
14,37,202625,DE,0.575406881072538,22,0.1552219999721273,416
14,37,202626,IPSO,0.5328150453599851,25,0.1353954999940469,416
14,37,202626,PSO,0.5635071277697364,25,0.1459641000255942,416
14,37,202626,GA,0.5034025215719249,25,0.1463859999785199,416
14,37,202626,ACO,0.5394630105204208,25,0.550471100024879,416
14,37,202626,DE,0.5866963910664865,25,0.1580924999434501,416
14,37,202627,IPSO,0.5281319641856522,25,0.1374688999494537,416
14,37,202627,PSO,0.5575716112787857,25,0.1347017000662163,416
14,37,202627,GA,0.5612230482465165,25,0.1627312999917194,416
14,37,202627,ACO,0.546086757851471,25,0.5396927000256255,416
14,37,202627,DE,0.6030791646606196,16,0.1638946000020951,416
14,37,202628,IPSO,0.5297834305905825,13,0.1635119999991729,416
14,37,202628,PSO,0.5922475828569335,25,0.1340813999995589,416
14,37,202628,GA,0.5452631014587394,25,0.1620860999682918,416
14,37,202628,ACO,0.5311756383692448,25,0.5728687000228092,416
14,37,202628,DE,0.5918082843225191,19,0.169045100104995,416
14,37,202629,IPSO,0.5331647989210453,11,0.1487081999657675,416
14,37,202629,PSO,0.5721737889817167,25,0.130703300004825,416
14,37,202629,GA,0.5376299666669982,25,0.1452875999966636,416
14,37,202629,ACO,0.5332123583321804,23,0.5718667000764981,416
14,37,202629,DE,0.5900785071177419,25,0.1653839000500738,416
14,37,202630,IPSO,0.5578275642223383,25,0.1368045000126585,416
14,37,202630,PSO,0.5643329534463535,25,0.1309877000749111,416
14,37,202630,GA,0.5309386806130936,25,0.1522821999387815,416
14,37,202630,ACO,0.517914738084972,25,0.5485198999522254,416
14,37,202630,DE,0.5825501774064882,25,0.1614207000238821,416
15,39,202601,IPSO,0.5977752478569122,11,0.1547588999383151,416
15,39,202601,PSO,0.6171068323947797,25,0.1406846999889239,416
15,39,202601,GA,0.6068406380280119,25,0.1627114999573677,416
15,39,202601,ACO,0.5683222689607058,25,0.5788841000758111,416
15,39,202601,DE,0.644839859530868,20,0.1743525000056252,416
15,39,202602,IPSO,0.5964787644684466,11,0.1433621000032872,416
15,39,202602,PSO,0.6088951665809248,18,0.1444772999966517,416
15,39,202602,GA,0.568543420269838,25,0.1580044999718666,416
15,39,202602,ACO,0.6040256213747035,22,0.595747199957259,416
15,39,202602,DE,0.6289357345154134,23,0.1670504999347031,416
15,39,202603,IPSO,0.6267598929443464,25,0.1503492000047117,416
15,39,202603,PSO,0.5890715380849799,25,0.1411411000881344,416
15,39,202603,GA,0.5812521254276075,25,0.176136500085704,416
15,39,202603,ACO,0.5698927061087832,25,0.5895264999708161,416
15,39,202603,DE,0.6465480213128537,18,0.1668605998856946,416
15,39,202604,IPSO,0.6306773194058889,25,0.1546716999728232,416
15,39,202604,PSO,0.622600837760805,22,0.1466820000205189,416
15,39,202604,GA,0.5742813033371015,25,0.1585494999308139,416
15,39,202604,ACO,0.570342416517203,25,0.5790409999899566,416
15,39,202604,DE,0.622706536292068,14,0.1671061000088229,416
15,39,202605,IPSO,0.5993622014969334,11,0.1538898000726476,416
15,39,202605,PSO,0.6008966581227737,25,0.1436837000073865,416
15,39,202605,GA,0.5895490451859277,25,0.1598945000441745,416
15,39,202605,ACO,0.5598821490852345,25,0.6160977999679744,416
15,39,202605,DE,0.640961969166079,17,0.1849473000038415,416
15,39,202606,IPSO,0.6032329775161408,11,0.1585958999348804,416
15,39,202606,PSO,0.5769660177544257,25,0.1488023999845609,416
15,39,202606,GA,0.597404760152575,25,0.1524346999358385,416
15,39,202606,ACO,0.5642073611609864,25,0.5940934999380261,416
15,39,202606,DE,0.6293382029045356,14,0.1589904999127611,416
15,39,202607,IPSO,0.6068737591523043,11,0.1480472999392077,416
15,39,202607,PSO,0.6213521135072316,25,0.1354430000064894,416
15,39,202607,GA,0.5885184705671642,25,0.1588175999931991,416
15,39,202607,ACO,0.5894815124752009,19,0.6194764000829309,416
15,39,202607,DE,0.6203821228948686,21,0.187486800015904,416
15,39,202608,IPSO,0.5873878568982084,20,0.1693767999531701,416
15,39,202608,PSO,0.6296767250533697,25,0.1526513000717386,416
15,39,202608,GA,0.5748728466229376,25,0.164975699968636,416
15,39,202608,ACO,0.5672616906750225,25,0.570299300015904,416
15,39,202608,DE,0.6255288283625059,25,0.1717482999665662,416
15,39,202609,IPSO,0.5998151517125427,11,0.1497615999542176,416
15,39,202609,PSO,0.5947580332959532,25,0.128950500045903,416
15,39,202609,GA,0.5801592679140092,25,0.1414807999972254,416
15,39,202609,ACO,0.563273642810579,25,0.5331208999268711,416
15,39,202609,DE,0.629506556032845,15,0.1613347999518737,416
15,39,202610,IPSO,0.6161777758712808,25,0.1521669999929145,416
15,39,202610,PSO,0.6029856660078442,25,0.1387103999732062,416
15,39,202610,GA,0.5640198137744988,25,0.135285299969837,416
15,39,202610,ACO,0.5778106495914795,25,0.5213449000148103,416
15,39,202610,DE,0.6477319639763628,16,0.165562400012277,416
15,39,202611,IPSO,0.6028843806091891,25,0.1328834999585524,416
15,39,202611,PSO,0.6204731698647188,25,0.1325915000634268,416
15,39,202611,GA,0.5797107611513909,25,0.1514155999757349,416
15,39,202611,ACO,0.583048367411541,24,0.5141705999849364,416
15,39,202611,DE,0.6433011731001319,22,0.1709848999744281,416
15,39,202612,IPSO,0.5862327978919099,21,0.1535121999913826,416
15,39,202612,PSO,0.6151947851500295,20,0.1477954000001773,416
15,39,202612,GA,0.5886854604058458,25,0.1185245999367907,416
15,39,202612,ACO,0.5776570030079128,25,0.5712249000789598,416
15,39,202612,DE,0.6183105187957585,14,0.2224671000149101,416
15,39,202613,IPSO,0.5941295405558217,25,0.169455699971877,416
15,39,202613,PSO,0.5860909853119964,25,0.1550582000054419,416
15,39,202613,GA,0.5791004061565197,25,0.2245784999104216,416
15,39,202613,ACO,0.6037157030628605,19,0.706626099999994,416
15,39,202613,DE,0.6237041764744862,25,0.1565432000206783,416
15,39,202614,IPSO,0.6131700820787858,25,0.1436489999759942,416
15,39,202614,PSO,0.5887957394013366,25,0.1874755000462755,416
15,39,202614,GA,0.5668648790610278,25,0.1469542999984696,416
15,39,202614,ACO,0.5571485613641627,25,0.6172674999106675,416
15,39,202614,DE,0.608360770633487,24,0.2183413000311702,416
15,39,202615,IPSO,0.6258849222871623,14,0.1574477999238297,416
15,39,202615,PSO,0.6121046124701675,25,0.1616113000782206,416
15,39,202615,GA,0.5652458023359143,25,0.142461400013417,416
15,39,202615,ACO,0.5717553822532178,25,0.6486897999420762,416
15,39,202615,DE,0.6456052583929152,22,0.1912665000418201,416
15,39,202616,IPSO,0.5795657659721434,11,0.1899971000384539,416
15,39,202616,PSO,0.6176145722681226,14,0.1421140000456944,416
15,39,202616,GA,0.5662592884158164,25,0.1783939999295398,416
15,39,202616,ACO,0.5614639735383143,24,0.6771258000517264,416
15,39,202616,DE,0.6154038867249674,24,0.1789319000672549,416
15,39,202617,IPSO,0.6067406014300011,11,0.1480849999934435,416
15,39,202617,PSO,0.6292635708700202,25,0.139653900056146,416
15,39,202617,GA,0.6105572499527875,16,0.1560997000196948,416
15,39,202617,ACO,0.5377949258712377,25,0.6110228999750689,416
15,39,202617,DE,0.6235915631849827,14,0.175379000022076,416
15,39,202618,IPSO,0.6074187352969536,11,0.1511076999595388,416
15,39,202618,PSO,0.608840320717463,11,0.1700099000008776,416
15,39,202618,GA,0.5773179271294113,25,0.1652247000019997,416
15,39,202618,ACO,0.5558719021964033,25,0.6336005000630394,416
15,39,202618,DE,0.6235443981064454,25,0.1714634000090882,416
15,39,202619,IPSO,0.5989843832241651,11,0.1639718000078573,416
15,39,202619,PSO,0.5990716489574782,25,0.1557297999970615,416
15,39,202619,GA,0.5713065067761327,25,0.1526291999034583,416
15,39,202619,ACO,0.5517404634078384,25,0.6174745000898838,416
15,39,202619,DE,0.6132744682683652,11,0.1734667000127956,416
15,39,202620,IPSO,0.5854503035760469,17,0.1495034999679774,416
15,39,202620,PSO,0.6237641909022956,25,0.1491315000457689,416
15,39,202620,GA,0.5920909624619173,25,0.161192400031723,416
15,39,202620,ACO,0.5683967232150349,25,0.6849150999914855,416
15,39,202620,DE,0.5966757571927187,25,0.1982573999557644,416
15,39,202621,IPSO,0.6018050089286087,25,0.1707565999822691,416
15,39,202621,PSO,0.6081350377854461,25,0.1805744000012055,416
15,39,202621,GA,0.5557276813554123,25,0.173101200023666,416
15,39,202621,ACO,0.5667698062161689,25,0.5975890000117943,416
15,39,202621,DE,0.645620159775487,11,0.1996859000064432,416
15,39,202622,IPSO,0.5973401434392096,25,0.2157028000801801,416
15,39,202622,PSO,0.5837023319944927,25,0.14146349998191,416
15,39,202622,GA,0.5928597935242703,25,0.1790672000497579,416
15,39,202622,ACO,0.5612823374514513,25,0.7039337999885902,416
15,39,202622,DE,0.6387157009977259,20,0.1766663000453263,416
15,39,202623,IPSO,0.5963850315328527,14,0.16846469999291,416
15,39,202623,PSO,0.6104276068006087,25,0.1590009999927133,416
15,39,202623,GA,0.5994113700439787,25,0.2005765999201685,416
15,39,202623,ACO,0.5475544647599405,21,0.6462738000554964,416
15,39,202623,DE,0.6061079879472515,12,0.1824656999669969,416
15,39,202624,IPSO,0.6206709076958375,11,0.1711464000400155,416
15,39,202624,PSO,0.6124789813159943,25,0.1474337000399828,416
15,39,202624,GA,0.6186519003262556,25,0.1632768999552354,416
15,39,202624,ACO,0.5733361590213966,25,0.6090586000354961,416
15,39,202624,DE,0.6460430083580542,25,0.172447600052692,416
15,39,202625,IPSO,0.6038790550652978,25,0.1463554999791085,416
15,39,202625,PSO,0.606428318366052,25,0.1597675000084564,416
15,39,202625,GA,0.5796197633893574,25,0.1762089000549167,416
15,39,202625,ACO,0.564277420682822,25,0.6243036999367177,416
15,39,202625,DE,0.6431398116966083,12,0.1677066000411287,416
15,39,202626,IPSO,0.6083365707377216,22,0.1578795999521389,416
15,39,202626,PSO,0.591893165728115,25,0.1609031000407412,416
15,39,202626,GA,0.5818507408240028,25,0.1547052999958396,416
15,39,202626,ACO,0.5471081740712946,25,0.611183000029996,416
15,39,202626,DE,0.6035290437345376,14,0.1819202000042423,416
15,39,202627,IPSO,0.6019901299514371,21,0.1515951000619679,416
15,39,202627,PSO,0.6048665336206185,25,0.1410981999943032,416
15,39,202627,GA,0.5891255129689003,25,0.1638711999403312,416
15,39,202627,ACO,0.5702640470037524,25,0.5880669000325724,416
15,39,202627,DE,0.651482955445615,24,0.1888705000746995,416
15,39,202628,IPSO,0.603426680321617,14,0.1522801999235525,416
15,39,202628,PSO,0.5837584040085142,25,0.1610001999652013,416
15,39,202628,GA,0.584852575530603,25,0.19346380000934,416
15,39,202628,ACO,0.5315569957346291,23,0.6285401999484748,416
15,39,202628,DE,0.6102619484339846,24,0.1622510000597685,416
15,39,202629,IPSO,0.6090251291414239,11,0.1516613999847322,416
15,39,202629,PSO,0.5865167153687809,25,0.1636369000189006,416
15,39,202629,GA,0.6037623839094771,25,0.1712316999910399,416
15,39,202629,ACO,0.5558382756328525,25,0.5971169000258669,416
15,39,202629,DE,0.6522877003113738,25,0.1860716000664979,416
15,39,202630,IPSO,0.5940505265099374,11,0.1454067999729886,416
15,39,202630,PSO,0.6047289903201198,25,0.1781623000279069,416
15,39,202630,GA,0.5740978466164874,25,0.1650332999415695,416
15,39,202630,ACO,0.5655996298081217,23,0.636092200060375,416
15,39,202630,DE,0.6323429618008963,23,0.1715827999869361,416
16,41,202601,IPSO,0.5871453690687943,21,0.1692000000039115,416
16,41,202601,PSO,0.6234791348458608,25,0.1763627000618726,416
16,41,202601,GA,0.5738129583197358,25,0.1759151000296697,416
16,41,202601,ACO,0.6029120893295755,25,0.6875073999399319,416
16,41,202601,DE,0.6398634415789372,25,0.1641537999967113,416
16,41,202602,IPSO,0.5844307475460205,11,0.1643783999606967,416
16,41,202602,PSO,0.6085693685284316,17,0.1587852000957355,416
16,41,202602,GA,0.5976559508495343,25,0.1744921000208705,416
16,41,202602,ACO,0.5694606605310725,25,0.636614500079304,416
16,41,202602,DE,0.657431388788673,25,0.176181900082156,416
16,41,202603,IPSO,0.5815384924067759,25,0.1612998000346124,416
16,41,202603,PSO,0.6071295359651252,25,0.1517012999393046,416
16,41,202603,GA,0.5947799488675333,25,0.1494652999099344,416
16,41,202603,ACO,0.5437322499432878,25,0.6089122999692336,416
16,41,202603,DE,0.6354012042854977,17,0.1660023999866098,416
16,41,202604,IPSO,0.5803499977701964,25,0.145726399961859,416
16,41,202604,PSO,0.6306933218198856,15,0.1558351999847218,416
16,41,202604,GA,0.5776545811590187,25,0.1648126000072807,416
16,41,202604,ACO,0.5417852570651591,25,0.5928545999340713,416
16,41,202604,DE,0.6161887167073474,22,0.1419116000179201,416
16,41,202605,IPSO,0.5790480605209637,21,0.1408622999442741,416
16,41,202605,PSO,0.6091731180696333,25,0.1331126999575644,416
16,41,202605,GA,0.5944832245820988,25,0.1413788999198004,416
16,41,202605,ACO,0.5710095990646759,25,0.61812480003573,416
16,41,202605,DE,0.6440197333192743,22,0.1498031999217346,416
16,41,202606,IPSO,0.6028495333632775,25,0.1216221000067889,416
16,41,202606,PSO,0.6120303766223785,25,0.1425803999882191,416
16,41,202606,GA,0.5828772823312892,25,0.1475671000080183,416
16,41,202606,ACO,0.5631039160209005,25,0.5786399999633431,416
16,41,202606,DE,0.6121031298525208,20,0.1704718999098986,416
16,41,202607,IPSO,0.5664370691267703,11,0.1935637999558821,416
16,41,202607,PSO,0.6263123253343341,15,0.1794394000899046,416
16,41,202607,GA,0.6103087602945779,18,0.1719212000025436,416
16,41,202607,ACO,0.5728548454469705,25,0.5895272999769077,416
16,41,202607,DE,0.623495690881976,24,0.1741867000237107,416
16,41,202608,IPSO,0.5929405693855394,11,0.1388571999268606,416
16,41,202608,PSO,0.6409510537265765,24,0.2412455000448972,416
16,41,202608,GA,0.58796528006527,25,0.1961031999671831,416
16,41,202608,ACO,0.5857785719796497,25,0.7185066000092775,416
16,41,202608,DE,0.6390465985379894,13,0.1694463000167161,416
16,41,202609,IPSO,0.5878171636792984,11,0.1768800999270752,416
16,41,202609,PSO,0.6214324403929022,13,0.1793383000185713,416
16,41,202609,GA,0.5742911651235204,25,0.1749939000001177,416
16,41,202609,ACO,0.579404061239608,25,0.7193401000695303,416
16,41,202609,DE,0.6210696607128362,25,0.1852827999973669,416
16,41,202610,IPSO,0.5809631046789541,11,0.1458094000117853,416
16,41,202610,PSO,0.585560136758373,16,0.1449321999680251,416
16,41,202610,GA,0.5933275664946962,25,0.1726364999776706,416
16,41,202610,ACO,0.5957359453330633,22,0.6131986998952925,416
16,41,202610,DE,0.6213396957043951,12,0.1708004999672994,416
16,41,202611,IPSO,0.6008610606894489,13,0.1671057000057771,416
16,41,202611,PSO,0.6212797014376019,25,0.1559291000012308,416
16,41,202611,GA,0.5820728681191274,25,0.1648702999809757,416
16,41,202611,ACO,0.5673410476277949,19,0.6124302000971511,416
16,41,202611,DE,0.648221131671501,25,0.176979299983941,416
16,41,202612,IPSO,0.5875502009781491,25,0.0933143999427557,416
16,41,202612,PSO,0.6125564625949834,25,0.1445329999551177,416
16,41,202612,GA,0.5969145099344073,25,0.1580870000179857,416
16,41,202612,ACO,0.5800381967669368,25,0.4962902000406757,416
16,41,202612,DE,0.6557003980862327,23,0.1904981000116095,416
16,41,202613,IPSO,0.5645026457930312,25,0.1351971999974921,416
16,41,202613,PSO,0.601503542384254,25,0.1657594999996945,416
16,41,202613,GA,0.5988490083914836,25,0.1481686000479385,416
16,41,202613,ACO,0.5571219583493674,17,0.5012408999027684,416
16,41,202613,DE,0.6346143739215382,25,0.1698882000055164,416
16,41,202614,IPSO,0.582703458367238,25,0.1266291999490931,416
16,41,202614,PSO,0.5986656381394266,25,0.1353727000532671,416
16,41,202614,GA,0.5701013897865411,25,0.1399922999553382,416
16,41,202614,ACO,0.577945854744964,25,0.5837158999638632,416
16,41,202614,DE,0.6270898190411751,25,0.1740768000017851,416
16,41,202615,IPSO,0.5877163050658166,25,0.178793300059624,416
16,41,202615,PSO,0.6247205790507961,25,0.1547428999328985,416
16,41,202615,GA,0.5873915824473319,25,0.1547101999167353,416
16,41,202615,ACO,0.5877841071125599,25,0.4960732000181451,416
16,41,202615,DE,0.6573214760550536,25,0.2363682999275624,416
16,41,202616,IPSO,0.5941243806499186,25,0.1363294000038877,416
16,41,202616,PSO,0.6442179146882289,16,0.1885624000569805,416
16,41,202616,GA,0.5852484197292209,25,0.1824208000907674,416
16,41,202616,ACO,0.5896908014831983,25,0.5614277999848127,416
16,41,202616,DE,0.662672756784862,24,0.1674503999529406,416
16,41,202617,IPSO,0.5725112377591076,25,0.174976099980995,416
16,41,202617,PSO,0.622874101381633,19,0.1665348000824451,416
16,41,202617,GA,0.6111366976402683,25,0.1398540999507531,416
16,41,202617,ACO,0.558465531260984,25,0.6085692999185994,416
16,41,202617,DE,0.6342746580509165,21,0.1736376999178901,416
16,41,202618,IPSO,0.5536874118845576,25,0.1550649999408051,416
16,41,202618,PSO,0.5941228376892156,25,0.1577313999878242,416
16,41,202618,GA,0.5864219328218867,25,0.1883330999407917,416
16,41,202618,ACO,0.5690680773341146,25,0.6287106000818312,416
16,41,202618,DE,0.6590605027633087,16,0.2198775000870227,416
16,41,202619,IPSO,0.5920730224809136,25,0.1245688999770209,416
16,41,202619,PSO,0.6373600004462138,25,0.1412267000414431,416
16,41,202619,GA,0.5976911870080427,25,0.2061720000347122,416
16,41,202619,ACO,0.6000040790384502,25,0.5705380000872537,416
16,41,202619,DE,0.6339841808411357,22,0.1397912000538781,416
16,41,202620,IPSO,0.5943285667949819,18,0.1433254000730812,416
16,41,202620,PSO,0.6327750945613849,20,0.1571629999671131,416
16,41,202620,GA,0.5944454775483544,25,0.1803960999241098,416
16,41,202620,ACO,0.5861077673552099,25,0.5896288000512868,416
16,41,202620,DE,0.6155217673893897,25,0.1793039999902248,416
16,41,202621,IPSO,0.5864564710125135,11,0.1827763000037521,416
16,41,202621,PSO,0.5983868962384052,25,0.1302156000165268,416
16,41,202621,GA,0.5728334490703783,25,0.1537415999919176,416
16,41,202621,ACO,0.5687710470415105,25,0.627802399918437,416
16,41,202621,DE,0.6362949598138624,25,0.1512572000501677,416
16,41,202622,IPSO,0.5929594970487562,11,0.1315083999652415,416
16,41,202622,PSO,0.631610479033316,25,0.1251692000078037,416
16,41,202622,GA,0.5945214259649033,25,0.180210700025782,416
16,41,202622,ACO,0.5666126051044852,25,0.5920644999714568,416
16,41,202622,DE,0.6388247043936514,12,0.181040900060907,416
16,41,202623,IPSO,0.5831800196190134,25,0.1352440000046044,416
16,41,202623,PSO,0.5931314205671783,25,0.1944133000215515,416
16,41,202623,GA,0.5707228542969126,25,0.1299442999297753,416
16,41,202623,ACO,0.559238432201158,25,0.5900144999613985,416
16,41,202623,DE,0.6280831777384898,16,0.1689214999787509,416
16,41,202624,IPSO,0.5682704410895517,25,0.1439229000825435,416
16,41,202624,PSO,0.6436998747131795,21,0.150762700010091,416
16,41,202624,GA,0.6068735469125036,25,0.1448321000207215,416
16,41,202624,ACO,0.55111567767878,24,0.5938755000242963,416
16,41,202624,DE,0.6539142177405209,25,0.1720444000093266,416
16,41,202625,IPSO,0.5731759942660689,11,0.1470517999259755,416
16,41,202625,PSO,0.6184276468208219,12,0.1939210999989882,416
16,41,202625,GA,0.5932751382666811,25,0.1625490000005811,416
16,41,202625,ACO,0.5624354309889373,25,0.658277100068517,416
16,41,202625,DE,0.633524023647791,25,0.1541201999643817,416
16,41,202626,IPSO,0.5747249752101323,13,0.155661900062114,416
16,41,202626,PSO,0.6053288998285874,25,0.1631329999072477,416
16,41,202626,GA,0.5831963929249102,25,0.1363669999409467,416
16,41,202626,ACO,0.5666495803707912,25,0.6632988000055775,416
16,41,202626,DE,0.6296908923320323,14,0.1850699000060558,416
16,41,202627,IPSO,0.5725923477412909,25,0.1706095000263303,416
16,41,202627,PSO,0.6183126061826997,25,0.1349234000081196,416
16,41,202627,GA,0.6049039810009328,25,0.1281908999662846,416
16,41,202627,ACO,0.5836685177439398,25,0.6141181000275537,416
16,41,202627,DE,0.6359839413493538,23,0.1663759000366553,416
16,41,202628,IPSO,0.5633137527905863,25,0.1102955000242218,416
16,41,202628,PSO,0.6061603136366945,25,0.148958700010553,416
16,41,202628,GA,0.5886455248160972,25,0.1474148000124842,416
16,41,202628,ACO,0.5894514616466733,13,0.6186014000559226,416
16,41,202628,DE,0.620734058358304,24,0.1620574999833479,416
16,41,202629,IPSO,0.593029000256473,25,0.172021200065501,416
16,41,202629,PSO,0.6353847352669983,23,0.124546300037764,416
16,41,202629,GA,0.5942049193153658,25,0.1753343000309541,416
16,41,202629,ACO,0.6020248361181322,25,0.6137741000857204,416
16,41,202629,DE,0.6242070377875713,25,0.1848281000275164,416
16,41,202630,IPSO,0.5866469077546738,11,0.1643500999780371,416
16,41,202630,PSO,0.6064622607525744,25,0.166832200018689,416
16,41,202630,GA,0.5982866648482276,25,0.1735145000275224,416
16,41,202630,ACO,0.5877622128100847,21,0.6308742000255734,416
16,41,202630,DE,0.6338978223299925,25,0.1670311000198125,416
17,42,202601,IPSO,0.6031912252222296,25,0.1499737999401986,416
17,42,202601,PSO,0.635899859356883,25,0.1597565000411123,416
17,42,202601,GA,0.6345000550182971,25,0.1587756999069824,416
17,42,202601,ACO,0.5884531071229545,25,0.6544885999755934,416
17,42,202601,DE,0.6673052604369295,19,0.1915212000021711,416
17,42,202602,IPSO,0.6164566751355585,19,0.1496982999378815,416
17,42,202602,PSO,0.6304868374321738,25,0.1469461000524461,416
17,42,202602,GA,0.5856738414900154,25,0.1472288999939337,416
17,42,202602,ACO,0.555896918647302,25,0.6265534999547526,416
17,42,202602,DE,0.6765541193085542,25,0.172523200046271,416
17,42,202603,IPSO,0.6141769370537197,25,0.169636599952355,416
17,42,202603,PSO,0.6342487336430224,25,0.159322899999097,416
17,42,202603,GA,0.5888189002039629,25,0.1620900999987498,416
17,42,202603,ACO,0.5994862040325376,25,0.5592029999243096,416
17,42,202603,DE,0.6594716314724347,19,0.1324799000285565,416
17,42,202604,IPSO,0.6196706353973724,25,0.110540600027889,416
17,42,202604,PSO,0.6377423675819462,25,0.127659699996002,416
17,42,202604,GA,0.5992992300397767,25,0.1252442999975755,416
17,42,202604,ACO,0.6104210306805833,25,0.4415837000124156,416
17,42,202604,DE,0.6539254593026564,13,0.131278800079599,416
17,42,202605,IPSO,0.5695012746127461,11,0.0903334999457001,416
17,42,202605,PSO,0.6250669439543809,25,0.1262113000266254,416
17,42,202605,GA,0.6006415974943147,25,0.1187614999944344,416
17,42,202605,ACO,0.5913617545089436,25,0.4116665000328794,416
17,42,202605,DE,0.6574389871908933,21,0.1050889000762254,416
17,42,202606,IPSO,0.6121043540536967,25,0.0957239000126719,416
17,42,202606,PSO,0.6292734542587746,25,0.1005027999635785,416
17,42,202606,GA,0.6206518391753171,25,0.0994504999835044,416
17,42,202606,ACO,0.5807136491901768,25,0.3638163000578061,416
17,42,202606,DE,0.6759297226529262,15,0.1205304000759497,416
17,42,202607,IPSO,0.5960666210451426,25,0.0954127999721095,416
17,42,202607,PSO,0.6672080917494465,25,0.1130149000091478,416
17,42,202607,GA,0.5994806358054956,25,0.1046478999778628,416
17,42,202607,ACO,0.5904497420730805,25,0.4031820999225601,416
17,42,202607,DE,0.6729454307058849,25,0.102207800024189,416
17,42,202608,IPSO,0.6381762404968913,15,0.0945003000088036,416
17,42,202608,PSO,0.6190879627622065,25,0.0952795000048354,416
17,42,202608,GA,0.5956407716307954,23,0.0956054999260231,416
17,42,202608,ACO,0.5880664818026514,25,0.3964378999080509,416
17,42,202608,DE,0.6560109192667622,18,0.1293444000184536,416
17,42,202609,IPSO,0.608616637774383,25,0.111809300025925,416
17,42,202609,PSO,0.6640649312352426,25,0.0900840000249445,416
17,42,202609,GA,0.6384435680366637,25,0.0917548000579699,416
17,42,202609,ACO,0.6046190746441411,25,0.382456700084731,416
17,42,202609,DE,0.6624341686493078,17,0.1036424998892471,416
17,42,202610,IPSO,0.6214798290591529,18,0.0910865999758243,416
17,42,202610,PSO,0.6485240888741549,25,0.0930080999387428,416
17,42,202610,GA,0.5851524515599791,25,0.0928854000521823,416
17,42,202610,ACO,0.5693001109041129,25,0.3765425999881699,416
17,42,202610,DE,0.6435695794439572,24,0.1037180999992415,416
17,42,202611,IPSO,0.6093469350623926,16,0.086882899980992,416
17,42,202611,PSO,0.6465045211726886,25,0.0928445999743416,416
17,42,202611,GA,0.6307848525290423,25,0.1192993000149726,416
17,42,202611,ACO,0.5923202566018234,25,0.3679652999853715,416
17,42,202611,DE,0.673340827444767,25,0.1412035999819636,416
17,42,202612,IPSO,0.5996441973776931,25,0.0932984000537544,416
17,42,202612,PSO,0.6420385861145408,25,0.0932151000015437,416
17,42,202612,GA,0.6123741901697959,25,0.1074495000066235,416
17,42,202612,ACO,0.6078294691089636,25,0.4188862999435514,416
17,42,202612,DE,0.6820431018323393,12,0.131230599945411,416
17,42,202613,IPSO,0.5912982832345535,25,0.1040977000957354,416
17,42,202613,PSO,0.6256672304103711,25,0.0919640000211075,416
17,42,202613,GA,0.639839543392643,25,0.0994210999924689,416
17,42,202613,ACO,0.6039984944619287,25,0.4968157999683171,416
17,42,202613,DE,0.6726152500802812,21,0.112912300042808,416
17,42,202614,IPSO,0.6011235542117438,22,0.1354603000218048,416
17,42,202614,PSO,0.6709177576387604,25,0.1561338999308645,416
17,42,202614,GA,0.6099510041739804,25,0.1133538000285625,416
17,42,202614,ACO,0.6064558953885625,25,0.5922054999973625,416
17,42,202614,DE,0.652217200869434,15,0.1987684000050649,416
17,42,202615,IPSO,0.5869854854725804,25,0.2335488999960944,416
17,42,202615,PSO,0.6558926151289166,18,0.1706138999434188,416
17,42,202615,GA,0.6186975887027027,17,0.2077012999216094,416
17,42,202615,ACO,0.5920964337450706,23,0.6414846999105066,416
17,42,202615,DE,0.6774987767519636,23,0.1918756000231951,416
17,42,202616,IPSO,0.6062259389202987,25,0.1600636000512167,416
17,42,202616,PSO,0.6447761250255082,17,0.1889015000779181,416
17,42,202616,GA,0.6065225443042628,25,0.1720746000064537,416
17,42,202616,ACO,0.6133162870874205,25,0.6208443000214174,416
17,42,202616,DE,0.6731756955526571,25,0.1633854999672621,416
17,42,202617,IPSO,0.6118539499749048,20,0.1582570999162271,416
17,42,202617,PSO,0.6484706093012342,25,0.1495018999557942,416
17,42,202617,GA,0.6205793104756439,25,0.1591213999781757,416
17,42,202617,ACO,0.599833527232793,25,0.4878829999361187,416
17,42,202617,DE,0.6580592391311844,23,0.1117092000786215,416
17,42,202618,IPSO,0.6010027969393474,14,0.0914671000791713,416
17,42,202618,PSO,0.643697616310151,19,0.1007163999602198,416
17,42,202618,GA,0.6293615737040265,25,0.0937250000424683,416
17,42,202618,ACO,0.6053049044492373,25,0.355712900054641,416
17,42,202618,DE,0.6884525062883682,25,0.097303400048986,416
17,42,202619,IPSO,0.6170107378020533,14,0.0852192000020295,416
17,42,202619,PSO,0.6481364147032269,25,0.0876049000071361,416
17,42,202619,GA,0.5931522556935278,25,0.1034135000081732,416
17,42,202619,ACO,0.5956208350235357,25,0.3613293999806046,416
17,42,202619,DE,0.6837510010106076,25,0.1156641999259591,416
17,42,202620,IPSO,0.6078354288694745,25,0.0932476000161841,416
17,42,202620,PSO,0.6600305409266871,25,0.0849875001003965,416
17,42,202620,GA,0.6188100100595842,25,0.1028049000306055,416
17,42,202620,ACO,0.6157685294823694,25,0.3846342000178993,416
17,42,202620,DE,0.6574589930037292,20,0.1029445000458508,416
17,42,202621,IPSO,0.5917148580521994,25,0.0892590000294148,416
17,42,202621,PSO,0.6741930459518994,25,0.0940613999264314,416
17,42,202621,GA,0.6284923495829686,25,0.0955647999653592,416
17,42,202621,ACO,0.6030236991048231,25,0.3546662000007927,416
17,42,202621,DE,0.700239540486235,25,0.1320928999921307,416
17,42,202622,IPSO,0.596624378545641,25,0.0879248999990522,416
17,42,202622,PSO,0.6392079909354245,25,0.0959323999704793,416
17,42,202622,GA,0.5840411620586664,25,0.1015244999434799,416
17,42,202622,ACO,0.5944631707560402,23,0.3720253000501543,416
17,42,202622,DE,0.6488176667464071,12,0.1370246999431401,416
17,42,202623,IPSO,0.6345319339822677,16,0.1045388999627903,416
17,42,202623,PSO,0.6212421995576267,25,0.111651899991557,416
17,42,202623,GA,0.6088572911488193,25,0.1490681000286713,416
17,42,202623,ACO,0.5978667740277975,25,0.3934679999947548,416
17,42,202623,DE,0.6561456667338842,16,0.0988695999840274,416
17,42,202624,IPSO,0.6072775936666922,12,0.0905694999964907,416
17,42,202624,PSO,0.6589753489641154,25,0.1126573999645188,416
17,42,202624,GA,0.6014855591748447,20,0.1187536000506952,416
17,42,202624,ACO,0.5984791789330637,25,0.3867100999923423,416
17,42,202624,DE,0.6405734090723689,19,0.1162989999866113,416
17,42,202625,IPSO,0.6194177569088344,25,0.0938132000155747,416
17,42,202625,PSO,0.6215896676744515,25,0.0981372999958694,416
17,42,202625,GA,0.5938444281386316,25,0.1307431999593973,416
17,42,202625,ACO,0.5907846038901902,25,0.377368799992837,416
17,42,202625,DE,0.6480862925020667,25,0.1042188999708741,416
17,42,202626,IPSO,0.6114084472642967,25,0.0915427999570965,416
17,42,202626,PSO,0.6651827209176175,25,0.1216763999545946,416
17,42,202626,GA,0.5739660278946725,25,0.1048280999530106,416
17,42,202626,ACO,0.6347333705485434,16,0.4324142999248579,416
17,42,202626,DE,0.6611396947953059,25,0.1232739000115543,416
17,42,202627,IPSO,0.5871442672360765,25,0.0980180000187829,416
17,42,202627,PSO,0.6385080357400381,25,0.1079328999621793,416
17,42,202627,GA,0.5623037974929648,25,0.1194345999974757,416
17,42,202627,ACO,0.5939806861353447,25,0.4374708998948335,416
17,42,202627,DE,0.6639493083597547,22,0.1401528000133112,416
17,42,202628,IPSO,0.6092106460594542,25,0.0937088999198749,416
17,42,202628,PSO,0.6510794011083255,25,0.1158703999826684,416
17,42,202628,GA,0.5944660955324813,25,0.1280016000382602,416
17,42,202628,ACO,0.583484638361453,25,0.4045365999918431,416
17,42,202628,DE,0.6175396004757294,25,0.1108711999841034,416
17,42,202629,IPSO,0.6138756586498884,16,0.0911907000700011,416
17,42,202629,PSO,0.6675956502295681,25,0.0938067000824958,416
17,42,202629,GA,0.6065046620441883,25,0.0935408000368624,416
17,42,202629,ACO,0.5885455625031345,25,0.3611561999423429,416
17,42,202629,DE,0.6552315489098057,25,0.1117835000623017,416
17,42,202630,IPSO,0.611490218469479,25,0.0878331999992951,416
17,42,202630,PSO,0.6431960748621748,25,0.1054339000256732,416
17,42,202630,GA,0.6080408638876715,25,0.1109557999297976,416
17,42,202630,ACO,0.5985794120502487,25,0.3660651000682264,416
17,42,202630,DE,0.6958530370083026,16,0.1216130000539124,416
18,44,202601,IPSO,0.5963609615823126,17,0.1122338999994099,416
18,44,202601,PSO,0.6085035063895089,25,0.1029674999881535,416
18,44,202601,GA,0.6397564741429644,23,0.12198079994414,416
18,44,202601,ACO,0.6194145578490468,25,0.4001054998952895,416
18,44,202601,DE,0.6845285237486911,19,0.1142976999981328,416
18,44,202602,IPSO,0.6038219769463157,11,0.1015135999768972,416
18,44,202602,PSO,0.6170067289950922,25,0.1038936000550165,416
18,44,202602,GA,0.6044218897712872,25,0.0997901000082492,416
18,44,202602,ACO,0.5869254001668723,25,0.4028221999760717,416
18,44,202602,DE,0.6564445661483278,17,0.1197522999718785,416
18,44,202603,IPSO,0.613704122258275,25,0.0891505999024957,416
18,44,202603,PSO,0.6497529448477675,25,0.098928099963814,416
18,44,202603,GA,0.6268894237866038,25,0.1065466000000014,416
18,44,202603,ACO,0.5739631419054387,25,0.3677922000642866,416
18,44,202603,DE,0.6658343968528353,25,0.1235556000610813,416
18,44,202604,IPSO,0.598215453669704,12,0.1021003000205382,416
18,44,202604,PSO,0.6668267742658267,25,0.0891541000455617,416
18,44,202604,GA,0.6167409964908197,25,0.0984354000538587,416
18,44,202604,ACO,0.6499988246066949,25,0.4017844999907538,416
18,44,202604,DE,0.6962062072309605,19,0.1093071999493986,416
18,44,202605,IPSO,0.6045830980790591,11,0.0899934000335633,416
18,44,202605,PSO,0.6483396761042242,19,0.0956608999986201,416
18,44,202605,GA,0.6260492902163687,25,0.1020368000026792,416
18,44,202605,ACO,0.578381912503815,22,0.403122799936682,416
18,44,202605,DE,0.6797784988355177,23,0.1004307999974116,416
18,44,202606,IPSO,0.591774558681848,11,0.1093123001046478,416
18,44,202606,PSO,0.6613150381477221,25,0.1135242999298498,416
18,44,202606,GA,0.6553305374269215,14,0.1180506000528112,416
18,44,202606,ACO,0.6032381048600619,25,0.4140104999532923,416
18,44,202606,DE,0.6769382060841886,21,0.112849700031802,416
18,44,202607,IPSO,0.6009490073017085,11,0.0893143999855965,416
18,44,202607,PSO,0.6776797720086688,25,0.1067787000210955,416
18,44,202607,GA,0.6309757457016404,25,0.1251910999417305,416
18,44,202607,ACO,0.5943150985842922,25,0.4040358999045566,416
18,44,202607,DE,0.6469555052292669,21,0.1030051000416278,416
18,44,202608,IPSO,0.591774558681848,11,0.1190029000863432,416
18,44,202608,PSO,0.6287341311122084,25,0.0963098000502213,416
18,44,202608,GA,0.6211883553659946,25,0.104442499927245,416
18,44,202608,ACO,0.5942469716801941,18,0.3990962000098079,416
18,44,202608,DE,0.6519481206575191,22,0.1284294000361114,416
18,44,202609,IPSO,0.5911757213863839,25,0.1012993999756872,416
18,44,202609,PSO,0.6360298576262072,16,0.0891725000692531,416
18,44,202609,GA,0.63418906952032,21,0.1107700000284239,416
18,44,202609,ACO,0.6148129661949829,25,0.433414600091055,416
18,44,202609,DE,0.701606588666342,25,0.122961499961093,416
18,44,202610,IPSO,0.599220076518726,13,0.0948225999018177,416
18,44,202610,PSO,0.6467442662987744,20,0.0989957000128924,416
18,44,202610,GA,0.6228384507958205,25,0.09780360001605,416
18,44,202610,ACO,0.6313432349128939,18,0.3969896999187767,416
18,44,202610,DE,0.6847662062252438,21,0.1079800999723374,416
18,44,202611,IPSO,0.6021240496035495,11,0.0952210000250488,416
18,44,202611,PSO,0.6500351365603394,25,0.0959699000231921,416
18,44,202611,GA,0.6047995367848,25,0.1103198999771848,416
18,44,202611,ACO,0.5839597131049401,25,0.370247200015001,416
18,44,202611,DE,0.6772490556495891,25,0.0994188000913709,416
18,44,202612,IPSO,0.6005153113581382,25,0.0998073000228032,416
18,44,202612,PSO,0.6377780164583998,23,0.0886322000296786,416
18,44,202612,GA,0.6067632996329434,25,0.0936763000208884,416
18,44,202612,ACO,0.5907831384064574,25,0.3592480000806972,416
18,44,202612,DE,0.6740692912083519,14,0.1131552000297233,416
18,44,202613,IPSO,0.6048430652482296,25,0.1092482999665662,416
18,44,202613,PSO,0.6204062189488176,25,0.0901479999301955,416
18,44,202613,GA,0.635371937497124,25,0.1004517000401392,416
18,44,202613,ACO,0.6093217099082455,24,0.3738785000750795,416
18,44,202613,DE,0.6605967260169618,17,0.120352300000377,416
18,44,202614,IPSO,0.6102083380142372,25,0.0869714999571442,416
18,44,202614,PSO,0.6545301634238212,25,0.1094917999580502,416
18,44,202614,GA,0.6279775321182632,25,0.1278424999909475,416
18,44,202614,ACO,0.6106704637025034,21,0.3853125000605359,416
18,44,202614,DE,0.6549790136084377,19,0.1191588999936357,416
18,44,202615,IPSO,0.6076228581511071,13,0.1068444999400526,416
18,44,202615,PSO,0.627538971128186,19,0.0984770999057218,416
18,44,202615,GA,0.6392625402564581,25,0.1118014999665319,416
18,44,202615,ACO,0.6173920412892708,25,0.3690348999807611,416
18,44,202615,DE,0.6822545654623734,13,0.1005407000193372,416
18,44,202616,IPSO,0.6009187283865298,25,0.1030111999716609,416
18,44,202616,PSO,0.6722202805408206,25,0.0867085999343544,416
18,44,202616,GA,0.6060471179043175,25,0.097323999973014,416
18,44,202616,ACO,0.6060392682987812,25,0.3535607999656349,416
18,44,202616,DE,0.6635722068893678,24,0.1014783000573515,416
18,44,202617,IPSO,0.5940315854059158,19,0.1042174000758677,416
18,44,202617,PSO,0.6686458162088743,24,0.0962389999767765,416
18,44,202617,GA,0.6060905300347921,25,0.1192366998875513,416
18,44,202617,ACO,0.5936930405212341,22,0.4428082999074831,416
18,44,202617,DE,0.6666078102445536,25,0.1196086999261751,416
18,44,202618,IPSO,0.5925123422107553,25,0.0868896000320091,416
18,44,202618,PSO,0.6756185838706469,25,0.1122476999880746,416
18,44,202618,GA,0.615654841559533,25,0.1324835999403149,416
18,44,202618,ACO,0.6087022959601989,22,0.5084241000004113,416
18,44,202618,DE,0.6629557648316445,19,0.1443133000284433,416
18,44,202619,IPSO,0.5997833526562278,11,0.1178610000060871,416
18,44,202619,PSO,0.6587427346827202,19,0.0990491999546065,416
18,44,202619,GA,0.623206948357725,25,0.1289408999728039,416
18,44,202619,ACO,0.5719161806102063,25,0.4774241000413894,416
18,44,202619,DE,0.6663779717539643,24,0.1052309999940916,416
18,44,202620,IPSO,0.591774558681848,11,0.1057905000634491,416
18,44,202620,PSO,0.6524552337549094,23,0.0949750000145286,416
18,44,202620,GA,0.6639126162514712,25,0.1531666000373661,416
18,44,202620,ACO,0.6296983502661924,25,0.5524285000283271,416
18,44,202620,DE,0.6847922235804119,24,0.1332496999530121,416
18,44,202621,IPSO,0.5914022319598279,25,0.1101056999759748,416
18,44,202621,PSO,0.681374292634901,25,0.0881546000018715,416
18,44,202621,GA,0.6007405595748087,25,0.1037652000086382,416
18,44,202621,ACO,0.6151422123898235,25,0.5083688000449911,416
18,44,202621,DE,0.6875596040806268,25,0.2082150999922305,416
18,44,202622,IPSO,0.6066405404977314,11,0.1167936000274494,416
18,44,202622,PSO,0.6185253401657419,25,0.1057975000003352,416
18,44,202622,GA,0.6209173157856598,25,0.1023602999048307,416
18,44,202622,ACO,0.5965072890149221,25,0.5160791999660432,416
18,44,202622,DE,0.6821615696477119,22,0.1274762999964878,416
18,44,202623,IPSO,0.6068761228757047,25,0.0916582000209018,416
18,44,202623,PSO,0.6254994807317737,25,0.1101042999653145,416
18,44,202623,GA,0.6122063354442376,25,0.1225736999185755,416
18,44,202623,ACO,0.6432027045608779,25,0.4215234000002965,416
18,44,202623,DE,0.6635151172023408,13,0.1252540999557823,416
18,44,202624,IPSO,0.5940315854059158,11,0.1067728000925853,416
18,44,202624,PSO,0.6501328527722589,25,0.0917346000205725,416
18,44,202624,GA,0.6252248636282244,25,0.093703499995172,416
18,44,202624,ACO,0.636294876379755,22,0.3974956000456586,416
18,44,202624,DE,0.6762231178057916,25,0.1295087999897077,416
18,44,202625,IPSO,0.5961315891299199,25,0.1043380999471992,416
18,44,202625,PSO,0.6189430824564839,20,0.0956918000010773,416
18,44,202625,GA,0.6107979982094829,25,0.1135830000275746,416
18,44,202625,ACO,0.6029439588030242,25,0.457891899975948,416
18,44,202625,DE,0.6715643228204055,11,0.1135843000374734,416
18,44,202626,IPSO,0.5916822132318945,11,0.1035818000091239,416
18,44,202626,PSO,0.6330271721265909,25,0.1035866000456735,416
18,44,202626,GA,0.6154976832644112,25,0.1011005999753251,416
18,44,202626,ACO,0.622553454005169,25,0.3840873999288305,416
18,44,202626,DE,0.67362423627429,25,0.102252300013788,416
18,44,202627,IPSO,0.6007870944324168,25,0.094873100053519,416
18,44,202627,PSO,0.6708344506147649,25,0.1054640000220388,416
18,44,202627,GA,0.6505031939472804,25,0.1036861999891698,416
18,44,202627,ACO,0.6148412538504222,25,0.3700039000250399,416
18,44,202627,DE,0.6389276084839951,12,0.1119496999308466,416
18,44,202628,IPSO,0.6068639058271161,25,0.1003775999415665,416
18,44,202628,PSO,0.6261055608880235,25,0.0895319000119343,416
18,44,202628,GA,0.6241034130448939,25,0.0939319999888539,416
18,44,202628,ACO,0.6184900723658945,25,0.389943900052458,416
18,44,202628,DE,0.6998943478970385,21,0.102853300049901,416
18,44,202629,IPSO,0.5843094526618059,25,0.0958642999175936,416
18,44,202629,PSO,0.620595129096433,20,0.1065856999484822,416
18,44,202629,GA,0.6008075393170242,25,0.1089360000332817,416
18,44,202629,ACO,0.6176791596631883,25,0.5214855000376701,416
18,44,202629,DE,0.6813144257172161,13,0.1456098000053316,416
18,44,202630,IPSO,0.5935733457360421,25,0.1300684999441728,416
18,44,202630,PSO,0.646538082514135,23,0.1281335999956354,416
18,44,202630,GA,0.6339850465764754,25,0.1380492999451235,416
18,44,202630,ACO,0.6129507005141631,25,0.5290230000391603,416
18,44,202630,DE,0.6666131446338889,23,0.1458563000196591,416
19,46,202601,IPSO,0.6021686102939945,20,0.1377784999785944,416
19,46,202601,PSO,0.6603975447508142,25,0.1352102999808266,416
19,46,202601,GA,0.6224493236710681,25,0.1456823000917211,416
19,46,202601,ACO,0.620127873336664,25,0.5396235999651253,416
19,46,202601,DE,0.6690552363154371,14,0.1533415999729186,416
19,46,202602,IPSO,0.5794612448698975,11,0.1346252999501302,416
19,46,202602,PSO,0.6264968753860478,14,0.1359065999276936,416
19,46,202602,GA,0.6552060548602963,25,0.1418066000333055,416
19,46,202602,ACO,0.6124128176699088,25,0.552702899905853,416
19,46,202602,DE,0.6843389980023614,24,0.1557517000474035,416
19,46,202603,IPSO,0.5903916881295881,11,0.1339807999320328,416
19,46,202603,PSO,0.6658018632142825,25,0.1322726000798866,416
19,46,202603,GA,0.6184394347646751,25,0.1439178000437095,416
19,46,202603,ACO,0.6030042121419468,25,0.5451161999953911,416
19,46,202603,DE,0.6661094104863757,25,0.1542511999141425,416
19,46,202604,IPSO,0.6047011444600325,11,0.1331397000467404,416
19,46,202604,PSO,0.6459146332142018,25,0.1332180000608787,416
19,46,202604,GA,0.5985275915065362,25,0.1428497999440878,416
19,46,202604,ACO,0.5974966525869362,25,0.5352517999708652,416
19,46,202604,DE,0.6786606132224395,18,0.1401736000552773,416
19,46,202605,IPSO,0.5956249791717871,11,0.1156521000666543,416
19,46,202605,PSO,0.6487583987477907,25,0.1242984000127762,416
19,46,202605,GA,0.5937465440159555,25,0.1333835000405088,416
19,46,202605,ACO,0.6254939932595638,25,0.4057075000600889,416
19,46,202605,DE,0.6728272536771375,17,0.1190047999843955,416
19,46,202606,IPSO,0.5913399558907892,11,0.0942366000963375,416
19,46,202606,PSO,0.6548636628656379,25,0.0905716000124812,416
19,46,202606,GA,0.624813594592038,25,0.1172014999901875,416
19,46,202606,ACO,0.6355941266198917,25,0.4035794000374153,416
19,46,202606,DE,0.6788485581546818,19,0.1281570999417454,416
19,46,202607,IPSO,0.6008008715906711,11,0.1109245999250561,416
19,46,202607,PSO,0.669726699291829,23,0.1106060999445617,416
19,46,202607,GA,0.6131031505472642,25,0.1062021000543609,416
19,46,202607,ACO,0.5923939601708951,25,0.3913046000525355,416
19,46,202607,DE,0.680589811929781,25,0.1252034000353887,416
19,46,202608,IPSO,0.5973963360983344,21,0.1044125999324023,416
19,46,202608,PSO,0.6668205526478473,25,0.1019667999353259,416
19,46,202608,GA,0.6294666158778854,25,0.1162303999299183,416
19,46,202608,ACO,0.617910609563449,25,0.4913362000370398,416
19,46,202608,DE,0.6808562592508123,15,0.1535441000014543,416
19,46,202609,IPSO,0.6045096177999543,25,0.13141120004002,416
19,46,202609,PSO,0.6297884172804972,25,0.1425169999711215,416
19,46,202609,GA,0.6131416402215004,25,0.1424252000870183,416
19,46,202609,ACO,0.6042776841884007,25,0.53770819993224,416
19,46,202609,DE,0.7059051656479255,22,0.1474591000005602,416
19,46,202610,IPSO,0.5780897591702593,11,0.1301297000609338,416
19,46,202610,PSO,0.6536369253595374,15,0.1246745999669656,416
19,46,202610,GA,0.6100346770690811,25,0.1439637000439688,416
19,46,202610,ACO,0.5771647106933545,25,0.5325333999935538,416
19,46,202610,DE,0.6879018639835598,12,0.1333681000396609,416
19,46,202611,IPSO,0.5956523149654023,25,0.1271758000366389,416
19,46,202611,PSO,0.6659806928577788,25,0.1333133999723941,416
19,46,202611,GA,0.6715731249368316,25,0.1553527999203652,416
19,46,202611,ACO,0.5938787064233596,25,0.5377975000301376,416
19,46,202611,DE,0.679147134498825,15,0.1665586000308394,416
19,46,202612,IPSO,0.5926223379693062,11,0.1403311999747529,416
19,46,202612,PSO,0.6384903292687216,24,0.1275603000540286,416
19,46,202612,GA,0.6106509553621521,25,0.1520192999159917,416
19,46,202612,ACO,0.5932549045056946,25,0.5185249000787735,416
19,46,202612,DE,0.6877003680959356,12,0.1526645000558346,416
19,46,202613,IPSO,0.5842331586607861,25,0.1306687999749556,416
19,46,202613,PSO,0.6537405234018653,25,0.1265256000915542,416
19,46,202613,GA,0.6250010428937907,25,0.1463713000994175,416
19,46,202613,ACO,0.6062357104289223,25,0.5456412000348791,416
19,46,202613,DE,0.6593993210430942,15,0.1442489000037312,416
19,46,202614,IPSO,0.5989875108192914,25,0.1398826000513509,416
19,46,202614,PSO,0.6357237965761092,25,0.1252515000523999,416
19,46,202614,GA,0.6254056029533462,25,0.1540845000417903,416
19,46,202614,ACO,0.6135591390932962,25,0.5081265999469906,416
19,46,202614,DE,0.6420843997295202,25,0.163526099990122,416
19,46,202615,IPSO,0.587127509686098,11,0.1275885000359267,416
19,46,202615,PSO,0.6207258916569939,17,0.1314055999973788,416
19,46,202615,GA,0.6095565553097387,25,0.1478788999374956,416
19,46,202615,ACO,0.5918471646493576,25,0.5506364000029862,416
19,46,202615,DE,0.6889816977828266,25,0.1763223999878391,416
19,46,202616,IPSO,0.5822417947255795,11,0.1428124000085517,416
19,46,202616,PSO,0.651672415516573,23,0.1558628999628126,416
19,46,202616,GA,0.6244421307157015,25,0.1765804999740794,416
19,46,202616,ACO,0.5945526253026929,18,0.6064350999658927,416
19,46,202616,DE,0.6647045946388002,25,0.2008929000003263,416
19,46,202617,IPSO,0.602622687590566,13,0.1438778999727219,416
19,46,202617,PSO,0.6316962516924726,25,0.1774737999076023,416
19,46,202617,GA,0.6042711092260539,25,0.1734013999812305,416
19,46,202617,ACO,0.5948421894511426,25,0.5702958999900147,416
19,46,202617,DE,0.6735220149848867,22,0.1863093000138178,416
19,46,202618,IPSO,0.589302958702878,11,0.1571492999792099,416
19,46,202618,PSO,0.6696353057129049,22,0.1476726999972015,416
19,46,202618,GA,0.627426073065961,25,0.1638348000124097,416
19,46,202618,ACO,0.5811504581074658,25,0.5878708000527695,416
19,46,202618,DE,0.6823737133933937,25,0.1736842999234795,416
19,46,202619,IPSO,0.6269656185680486,25,0.183834100025706,416
19,46,202619,PSO,0.6678505445049195,20,0.1466698000440374,416
19,46,202619,GA,0.6198565037055734,25,0.1571866000303998,416
19,46,202619,ACO,0.6162058601270997,25,0.6163321000058204,416
19,46,202619,DE,0.692906705591002,14,0.1746917000273242,416
19,46,202620,IPSO,0.6103544297131355,11,0.1235648000147193,416
19,46,202620,PSO,0.6223536485926918,23,0.1676991999847814,416
19,46,202620,GA,0.5987187890776654,25,0.14885450003203,416
19,46,202620,ACO,0.6346702938610391,25,0.6133826000150293,416
19,46,202620,DE,0.6535845566460693,23,0.1375066000036895,416
19,46,202621,IPSO,0.5858323718645334,25,0.1346775999991223,416
19,46,202621,PSO,0.6456001837876438,25,0.1388273000484332,416
19,46,202621,GA,0.6287054882319874,25,0.1344582999590784,416
19,46,202621,ACO,0.5863199112414931,25,0.5761775000719354,416
19,46,202621,DE,0.6923214883445901,12,0.1611488000489771,416
19,46,202622,IPSO,0.589396794939487,11,0.1389203000580892,416
19,46,202622,PSO,0.6672256474267686,25,0.1342528000241145,416
19,46,202622,GA,0.5975097965392546,25,0.1582666999893263,416
19,46,202622,ACO,0.5985191967965673,25,0.560378999914974,416
19,46,202622,DE,0.661662386954254,21,0.1405803998932242,416
19,46,202623,IPSO,0.585494484361338,11,0.139906300115399,416
19,46,202623,PSO,0.6518754942076617,25,0.1269797999411821,416
19,46,202623,GA,0.6248862390198018,25,0.1422264999710023,416
19,46,202623,ACO,0.6173759908230955,25,0.5493866000324488,416
19,46,202623,DE,0.6867847775457093,25,0.1456541999941691,416
19,46,202624,IPSO,0.5942135679155165,25,0.1225737000349909,416
19,46,202624,PSO,0.6983668777713565,21,0.1325541000114753,416
19,46,202624,GA,0.6341061433828489,25,0.1355865999357774,416
19,46,202624,ACO,0.5771286823344821,25,0.5557444000151008,416
19,46,202624,DE,0.6797895094262724,25,0.158169100061059,416
19,46,202625,IPSO,0.5858323718645334,22,0.1391541000921279,416
19,46,202625,PSO,0.6742837742551941,20,0.1359605999896302,416
19,46,202625,GA,0.6013158862177893,25,0.1512328999815508,416
19,46,202625,ACO,0.5968373060516051,25,0.5401645000092685,416
19,46,202625,DE,0.6617086833679375,18,0.1526981999631971,416
19,46,202626,IPSO,0.6067049922372225,25,0.1433185000205412,416
19,46,202626,PSO,0.671875256340006,25,0.1402132000075653,416
19,46,202626,GA,0.6349177910359799,25,0.1522709999699145,416
19,46,202626,ACO,0.6181335201069696,25,0.553850399912335,416
19,46,202626,DE,0.6673280518592449,13,0.1506870000157505,416
19,46,202627,IPSO,0.6147835882775607,11,0.1379587000701576,416
19,46,202627,PSO,0.6166133744531452,17,0.1354998999740928,416
19,46,202627,GA,0.6089106062929421,25,0.1493651999626308,416
19,46,202627,ACO,0.6370315499568077,25,0.5411129000131041,416
19,46,202627,DE,0.7079673328203611,21,0.1613277000142261,416
19,46,202628,IPSO,0.6020061657393455,11,0.1292352000018581,416
19,46,202628,PSO,0.6382780199660997,25,0.1284292999189347,416
19,46,202628,GA,0.5857812558804959,25,0.1386322999605909,416
19,46,202628,ACO,0.6129478904738065,25,0.5375046000117436,416
19,46,202628,DE,0.65272067782556,14,0.1602560000028461,416
19,46,202629,IPSO,0.5971789720327241,25,0.142712999950163,416
19,46,202629,PSO,0.639489617265986,25,0.12719109992031,416
19,46,202629,GA,0.623173737621838,25,0.1501346000004559,416
19,46,202629,ACO,0.6204224551819433,25,0.5174889999907464,416
19,46,202629,DE,0.6650316786587678,21,0.1440350000048056,416
19,46,202630,IPSO,0.5985278239084227,11,0.1326389000751078,416
19,46,202630,PSO,0.6373197212189932,25,0.1280991000821814,416
19,46,202630,GA,0.6195668885190774,25,0.1279841000214219,416
19,46,202630,ACO,0.5734814233102615,25,0.5208186999661848,416
19,46,202630,DE,0.6688354008803732,25,0.1396157001145184,416
